Date,Open,High,Low,Close,Adj Close,Volume
2014-05-20,28.200000762939453,30.399999618530273,28.0,30.399999618530273,30.399999618530273,6889800
2014-05-21,30.75,34.79999923706055,30.75,33.150001525878906,33.150001525878906,2821100
2014-05-22,32.72999954223633,33.279998779296875,31.100000381469727,31.25,31.25,1801200
2014-05-23,32.20000076293945,32.560001373291016,31.579999923706055,32.0,32.0,1788700
2014-05-27,32.0,32.310001373291016,31.770000457763672,31.979999542236328,31.979999542236328,776900
2014-05-28,31.979999542236328,31.979999542236328,30.75,31.75,31.75,514100
2014-05-29,31.75,31.75,31.09000015258789,31.399999618530273,31.399999618530273,1089100
2014-05-30,31.469999313354492,32.7599983215332,31.389999389648438,32.349998474121094,32.349998474121094,20871300
2014-06-02,32.310001373291016,35.689998626708984,31.3700008392334,35.5,35.5,10026300
2014-06-03,35.11000061035156,35.619998931884766,34.2760009765625,34.939998626708984,34.939998626708984,6340900
2014-06-04,34.439998626708984,34.7400016784668,33.7599983215332,34.290000915527344,34.290000915527344,6382400
2014-06-05,33.59000015258789,34.54999923706055,33.59000015258789,34.279998779296875,34.279998779296875,7012700
2014-06-06,33.779998779296875,34.13999938964844,32.75,32.79999923706055,32.79999923706055,7734200
2014-06-09,32.45000076293945,32.970001220703125,32.0,32.2400016784668,32.2400016784668,7306000
2014-06-10,32.0099983215332,32.97999954223633,31.5,32.720001220703125,32.720001220703125,6382000
2014-06-11,32.2599983215332,34.369998931884766,32.209999084472656,33.560001373291016,33.560001373291016,4731900
2014-06-12,33.5,33.900001525878906,32.650001525878906,33.209999084472656,33.209999084472656,3188400
2014-06-13,32.970001220703125,34.099998474121094,32.88999938964844,33.54999923706055,33.54999923706055,1787200
2014-06-16,33.38999938964844,33.83000183105469,32.63999938964844,33.0,33.0,2558400
2014-06-17,32.83000183105469,33.709999084472656,32.560001373291016,33.65999984741211,33.65999984741211,3161300
2014-06-18,33.810001373291016,34.380001068115234,33.5,34.029998779296875,34.029998779296875,1960000
2014-06-19,34.0,34.099998474121094,33.779998779296875,34.0099983215332,34.0099983215332,912800
2014-06-20,33.88999938964844,35.31999969482422,33.5,34.11000061035156,34.11000061035156,2988500
2014-06-23,34.06999969482422,35.97999954223633,33.900001525878906,35.68000030517578,35.68000030517578,3050700
2014-06-24,35.209999084472656,37.09000015258789,35.119998931884766,35.5,35.5,3092800
2014-06-25,35.47999954223633,35.77000045776367,35.150001525878906,35.70000076293945,35.70000076293945,2386200
2014-06-26,35.58000183105469,37.310001373291016,35.54999923706055,37.189998626708984,37.189998626708984,2701000
2014-06-27,36.849998474121094,37.650001525878906,36.70000076293945,36.83000183105469,36.83000183105469,4075100
2014-06-30,36.83000183105469,37.43000030517578,35.959999084472656,36.209999084472656,36.209999084472656,2420500
2014-07-01,36.08000183105469,37.25,35.90999984741211,35.97999954223633,35.97999954223633,2302900
2014-07-02,35.83000183105469,36.4900016784668,35.77000045776367,35.779998779296875,35.779998779296875,2761500
2014-07-03,35.68000030517578,36.25,35.5,35.650001525878906,35.650001525878906,1187100
2014-07-07,35.5099983215332,35.650001525878906,35.02000045776367,35.119998931884766,35.119998931884766,1542600
2014-07-08,35.08000183105469,35.154998779296875,34.5,34.810001373291016,34.810001373291016,1477700
2014-07-09,34.75,35.040000915527344,34.540000915527344,35.0,35.0,1285600
2014-07-10,34.380001068115234,35.04999923706055,34.250999450683594,34.56999969482422,34.56999969482422,1195400
2014-07-11,34.560001373291016,35.02000045776367,34.54999923706055,34.709999084472656,34.709999084472656,837600
2014-07-14,34.91999816894531,35.29999923706055,34.779998779296875,34.84000015258789,34.84000015258789,1108600
2014-07-15,34.689998626708984,34.86000061035156,33.75,34.59000015258789,34.59000015258789,1328900
2014-07-16,34.56999969482422,34.599998474121094,33.900001525878906,34.11000061035156,34.11000061035156,1978000
2014-07-17,33.880001068115234,34.27000045776367,33.65999984741211,33.90999984741211,33.90999984741211,1443300
2014-07-18,33.81999969482422,34.22999954223633,33.70000076293945,33.95000076293945,33.95000076293945,1007700
2014-07-21,33.900001525878906,34.0,33.43000030517578,33.540000915527344,33.540000915527344,1207400
2014-07-22,33.599998474121094,34.20000076293945,33.25,33.470001220703125,33.470001220703125,1424100
2014-07-23,33.619998931884766,33.63999938964844,33.25,33.36000061035156,33.36000061035156,1094800
2014-07-24,33.2599983215332,33.790000915527344,33.2599983215332,33.439998626708984,33.439998626708984,921100
2014-07-25,33.33000183105469,33.400001525878906,33.040000915527344,33.2599983215332,33.2599983215332,588500
2014-07-28,33.369998931884766,33.400001525878906,32.770999908447266,33.31999969482422,33.31999969482422,584700
2014-07-29,33.13999938964844,33.58000183105469,32.77000045776367,33.150001525878906,33.150001525878906,1232600
2014-07-30,33.119998931884766,33.17900085449219,32.880001068115234,33.08000183105469,33.08000183105469,1089800
2014-07-31,32.7599983215332,32.880001068115234,32.119998931884766,32.189998626708984,32.189998626708984,879800
2014-08-01,32.060001373291016,32.88999938964844,31.760000228881836,32.310001373291016,32.310001373291016,1933500
2014-08-04,32.2599983215332,32.81999969482422,31.8799991607666,32.75,32.75,1262600
2014-08-05,32.529998779296875,33.06999969482422,32.25,32.75,32.75,1338200
2014-08-06,30.0,33.16999816894531,29.850000381469727,31.459999084472656,31.459999084472656,4748600
2014-08-07,31.520000457763672,31.6299991607666,29.8700008392334,30.110000610351562,30.110000610351562,2948900
2014-08-08,29.969999313354492,31.079999923706055,29.940000534057617,31.010000228881836,31.010000228881836,2364400
2014-08-11,31.100000381469727,31.510000228881836,30.510000228881836,30.780000686645508,30.780000686645508,1941200
2014-08-12,30.969999313354492,31.760000228881836,30.81999969482422,31.15999984741211,31.15999984741211,1632000
2014-08-13,30.690000534057617,32.400001525878906,30.520000457763672,32.2400016784668,32.2400016784668,1898000
2014-08-14,31.739999771118164,32.220001220703125,31.649999618530273,31.809999465942383,31.809999465942383,1338200
2014-08-15,32.209999084472656,32.34000015258789,31.739999771118164,32.040000915527344,32.040000915527344,1055800
2014-08-18,32.2400016784668,32.29999923706055,31.93000030517578,32.0099983215332,32.0099983215332,1098700
2014-08-19,32.119998931884766,32.880001068115234,32.04999923706055,32.619998931884766,32.619998931884766,784500
2014-08-20,32.5,32.66999816894531,32.099998474121094,32.47999954223633,32.47999954223633,853500
2014-08-21,32.709999084472656,33.349998474121094,32.52000045776367,32.959999084472656,32.959999084472656,1444500
2014-08-22,33.11000061035156,33.5,32.86000061035156,33.18000030517578,33.18000030517578,1071800
2014-08-25,33.40999984741211,33.5,32.880001068115234,33.02000045776367,33.02000045776367,713300
2014-08-26,33.13999938964844,33.27000045776367,32.880001068115234,32.93000030517578,32.93000030517578,658400
2014-08-27,32.959999084472656,33.0099983215332,32.77000045776367,32.95000076293945,32.95000076293945,866400
2014-08-28,32.95000076293945,32.970001220703125,32.72999954223633,32.81999969482422,32.81999969482422,446600
2014-08-29,32.79999923706055,33.209999084472656,32.79999923706055,33.029998779296875,33.029998779296875,768200
2014-09-02,32.939998626708984,33.130001068115234,32.76499938964844,32.79999923706055,32.79999923706055,1431300
2014-09-03,32.79999923706055,32.91999816894531,32.7599983215332,32.81999969482422,32.81999969482422,771500
2014-09-04,33.0099983215332,33.0099983215332,32.0,32.470001220703125,32.470001220703125,1913500
2014-09-05,32.31999969482422,32.59000015258789,31.959999084472656,32.290000915527344,32.290000915527344,1822100
2014-09-08,32.13999938964844,32.58000183105469,32.04999923706055,32.11000061035156,32.11000061035156,2076500
2014-09-09,32.11000061035156,32.540000915527344,31.9950008392334,32.06999969482422,32.06999969482422,1571700
2014-09-10,32.189998626708984,32.459999084472656,31.299999237060547,31.940000534057617,31.940000534057617,1799100
2014-09-11,31.850000381469727,32.369998931884766,31.68000030517578,32.33000183105469,32.33000183105469,1341000
2014-09-12,32.279998779296875,32.470001220703125,31.940000534057617,32.33000183105469,32.33000183105469,1246000
2014-09-15,32.220001220703125,32.369998931884766,31.959999084472656,32.02000045776367,32.02000045776367,1381700
2014-09-16,32.0,32.4900016784668,31.940000534057617,32.27000045776367,32.27000045776367,1589900
2014-09-17,32.31999969482422,32.65999984741211,31.56999969482422,31.709999084472656,31.709999084472656,1465100
2014-09-18,31.75,32.040000915527344,31.520000457763672,31.65999984741211,31.65999984741211,1067800
2014-09-19,31.860000610351562,32.45000076293945,31.84000015258789,32.029998779296875,32.029998779296875,2285600
2014-09-22,31.8700008392334,32.06999969482422,31.020000457763672,31.270000457763672,31.270000457763672,1550400
2014-09-23,31.079999923706055,31.360000610351562,30.827999114990234,31.15999984741211,31.15999984741211,1437100
2014-09-24,31.049999237060547,31.139999389648438,30.510000228881836,30.959999084472656,30.959999084472656,2494100
2014-09-25,30.860000610351562,30.920000076293945,30.56999969482422,30.68000030517578,30.68000030517578,1315600
2014-09-26,30.68000030517578,31.010000228881836,30.520000457763672,31.0,31.0,2574000
2014-09-29,30.65999984741211,31.450000762939453,30.65999984741211,31.030000686645508,31.030000686645508,1351800
2014-09-30,31.239999771118164,31.31999969482422,30.399999618530273,30.40999984741211,30.40999984741211,1336100
2014-10-01,30.360000610351562,30.420000076293945,29.469999313354492,29.59000015258789,29.59000015258789,2895000
2014-10-02,29.5,29.700000762939453,28.579999923706055,29.100000381469727,29.100000381469727,4010400
2014-10-03,29.170000076293945,29.8700008392334,29.059999465942383,29.190000534057617,29.190000534057617,2542000
2014-10-06,29.219999313354492,29.3700008392334,28.739999771118164,28.969999313354492,28.969999313354492,1675000
2014-10-07,28.889999389648438,29.239999771118164,28.6200008392334,28.670000076293945,28.670000076293945,1237100
2014-10-08,28.700000762939453,28.760000228881836,27.610000610351562,28.489999771118164,28.489999771118164,2507400
2014-10-09,28.219999313354492,28.489999771118164,27.450000762939453,27.520000457763672,27.520000457763672,1448900
2014-10-10,27.540000915527344,28.079999923706055,27.139999389648438,27.6200008392334,27.6200008392334,2062800
2014-10-13,27.389999389648438,28.06999969482422,27.190000534057617,27.40999984741211,27.40999984741211,2180200
2014-10-14,27.559999465942383,28.389999389648438,27.290000915527344,27.360000610351562,27.360000610351562,2521800
2014-10-15,27.290000915527344,28.329999923706055,26.739999771118164,27.950000762939453,27.950000762939453,2634500
2014-10-16,27.34000015258789,28.65999984741211,27.209999084472656,28.209999084472656,28.209999084472656,2315000
2014-10-17,28.6299991607666,29.139999389648438,27.18000030517578,27.510000228881836,27.510000228881836,1569200
2014-10-20,27.459999084472656,27.999000549316406,27.3799991607666,27.809999465942383,27.809999465942383,708700
2014-10-21,28.0,29.43000030517578,27.969999313354492,28.709999084472656,28.709999084472656,956700
2014-10-22,28.770000457763672,29.299999237060547,28.339000701904297,28.43000030517578,28.43000030517578,610800
2014-10-23,28.760000228881836,29.31999969482422,28.360000610351562,29.09000015258789,29.09000015258789,810700
2014-10-24,29.010000228881836,29.15999984741211,28.479999542236328,28.969999313354492,28.969999313354492,668000
2014-10-27,28.790000915527344,28.84000015258789,27.889999389648438,28.40999984741211,28.40999984741211,1395300
2014-10-28,28.43000030517578,29.639999389648438,28.260000228881836,29.510000228881836,29.510000228881836,927000
2014-10-29,29.6299991607666,30.31999969482422,29.43000030517578,30.15999984741211,30.15999984741211,890800
2014-10-30,30.110000610351562,30.200000762939453,29.690000534057617,29.90999984741211,29.90999984741211,891800
2014-10-31,29.920000076293945,30.25,29.540000915527344,30.059999465942383,30.059999465942383,1341600
2014-11-03,30.079999923706055,30.219999313354492,29.40999984741211,29.540000915527344,29.540000915527344,1585700
2014-11-04,29.600000381469727,29.760000228881836,28.049999237060547,28.25,28.25,1818400
2014-11-05,28.25,28.760000228881836,28.139999389648438,28.540000915527344,28.540000915527344,1881000
2014-11-06,28.34000015258789,28.59000015258789,26.799999237060547,27.530000686645508,27.530000686645508,5243700
2014-11-07,27.030000686645508,28.600000381469727,27.030000686645508,28.0,28.0,2032100
2014-11-10,27.940000534057617,28.34000015258789,27.111000061035156,27.450000762939453,27.450000762939453,1878300
2014-11-11,27.6200008392334,28.3700008392334,27.3799991607666,28.270000457763672,28.270000457763672,1197500
2014-11-12,27.989999771118164,29.15999984741211,27.979999542236328,28.81999969482422,28.81999969482422,1686500
2014-11-13,28.700000762939453,28.850000381469727,27.139999389648438,27.969999313354492,27.969999313354492,2915400
2014-11-14,27.84000015258789,28.510000228881836,27.610000610351562,28.34000015258789,28.34000015258789,1330300
2014-11-17,28.049999237060547,28.59000015258789,27.959999084472656,28.510000228881836,28.510000228881836,2289000
2014-11-18,28.479999542236328,28.579999923706055,27.459999084472656,28.0,28.0,2841300
2014-11-19,28.0,28.209999084472656,27.389999389648438,27.530000686645508,27.530000686645508,2473700
2014-11-20,26.989999771118164,28.239999771118164,26.969999313354492,28.200000762939453,28.200000762939453,1263500
2014-11-21,28.549999237060547,28.989999771118164,28.350000381469727,28.729999542236328,28.729999542236328,1249300
2014-11-24,28.65999984741211,28.959999084472656,28.520000457763672,28.889999389648438,28.889999389648438,626200
2014-11-25,28.649999618530273,29.079999923706055,28.290000915527344,28.850000381469727,28.850000381469727,1394400
2014-11-26,28.690000534057617,29.229999542236328,28.479999542236328,28.59000015258789,28.59000015258789,2047500
2014-11-28,27.15999984741211,27.450000762939453,25.701000213623047,26.780000686645508,26.780000686645508,3038400
2014-12-01,26.690000534057617,26.690000534057617,25.68000030517578,25.780000686645508,25.780000686645508,2843100
2014-12-02,25.93000030517578,26.149999618530273,24.739999771118164,24.920000076293945,24.920000076293945,3434900
2014-12-03,24.700000762939453,25.190000534057617,23.610000610351562,24.510000228881836,24.510000228881836,2500200
2014-12-04,24.270000457763672,24.5,23.8700008392334,24.229999542236328,24.229999542236328,2089800
2014-12-05,24.469999313354492,24.489999771118164,23.795000076293945,23.920000076293945,23.920000076293945,2870500
2014-12-08,23.65999984741211,23.829999923706055,22.030000686645508,22.5,22.5,3383900
2014-12-09,22.34000015258789,23.549999237060547,22.049999237060547,23.489999771118164,23.489999771118164,2483800
2014-12-10,23.139999389648438,23.780000686645508,22.649999618530273,23.719999313354492,23.719999313354492,1840600
2014-12-11,23.579999923706055,24.489999771118164,23.360000610351562,24.010000228881836,24.010000228881836,2745200
2014-12-12,23.31999969482422,24.31999969482422,23.170000076293945,23.709999084472656,23.709999084472656,1636900
2014-12-15,23.700000762939453,24.450000762939453,23.420000076293945,23.700000762939453,23.700000762939453,1121600
2014-12-16,23.399999618530273,24.90999984741211,23.18000030517578,24.700000762939453,24.700000762939453,1322800
2014-12-17,24.450000762939453,25.360000610351562,24.389999389648438,25.139999389648438,25.139999389648438,976800
2014-12-18,25.209999084472656,25.959999084472656,24.579999923706055,24.950000762939453,24.950000762939453,1421800
2014-12-19,25.1299991607666,27.3799991607666,25.0,26.770000457763672,26.770000457763672,3017700
2014-12-22,26.75,27.31999969482422,26.1299991607666,27.280000686645508,27.280000686645508,881500
2014-12-23,27.270000457763672,28.059999465942383,27.100000381469727,27.889999389648438,27.889999389648438,898000
2014-12-24,27.149999618530273,28.360000610351562,27.149999618530273,27.420000076293945,27.420000076293945,571600
2014-12-26,27.479999542236328,27.739999771118164,27.31999969482422,27.3799991607666,27.3799991607666,617400
2014-12-29,27.3799991607666,28.010000228881836,27.110000610351562,27.139999389648438,27.139999389648438,882300
2014-12-30,26.979999542236328,27.149999618530273,26.209999084472656,26.34000015258789,26.34000015258789,891800
2014-12-31,26.1200008392334,26.299999237060547,25.309999465942383,25.729999542236328,25.729999542236328,1070000
2015-01-02,25.68000030517578,26.06999969482422,25.290000915527344,25.989999771118164,25.989999771118164,983000
2015-01-05,25.59000015258789,25.770000457763672,24.15999984741211,24.520000457763672,24.520000457763672,1735700
2015-01-06,24.440000534057617,24.94499969482422,24.110000610351562,24.229999542236328,24.229999542236328,2549900
2015-01-07,24.479999542236328,24.670000076293945,23.559999465942383,23.8799991607666,23.8799991607666,1711500
2015-01-08,24.09000015258789,24.229999542236328,23.170000076293945,23.760000228881836,23.760000228881836,2129000
2015-01-09,23.790000915527344,24.020000457763672,23.31999969482422,23.81999969482422,23.81999969482422,977700
2015-01-12,23.75,23.780000686645508,22.139999389648438,22.940000534057617,22.940000534057617,1801800
2015-01-13,22.989999771118164,23.25,22.610000610351562,22.809999465942383,22.809999465942383,2044000
2015-01-14,22.5,23.274999618530273,22.3700008392334,22.899999618530273,22.899999618530273,1935500
2015-01-15,23.049999237060547,23.489999771118164,22.809999465942383,22.940000534057617,22.940000534057617,1679300
2015-01-16,22.93000030517578,24.030000686645508,22.93000030517578,23.90999984741211,23.90999984741211,1889600
2015-01-20,23.649999618530273,23.799999237060547,22.75,23.100000381469727,23.100000381469727,1815600
2015-01-21,22.68000030517578,23.440000534057617,22.139999389648438,23.209999084472656,23.209999084472656,2450900
2015-01-22,23.139999389648438,23.31999969482422,22.459999084472656,22.940000534057617,22.940000534057617,1569200
2015-01-23,22.860000610351562,23.280000686645508,22.59000015258789,22.799999237060547,22.799999237060547,810100
2015-01-26,22.780000686645508,23.42300033569336,22.540000915527344,22.700000762939453,22.700000762939453,864700
2015-01-27,22.40999984741211,23.5,22.40999984741211,23.280000686645508,23.280000686645508,728100
2015-01-28,23.110000610351562,23.674999237060547,23.0,23.420000076293945,23.420000076293945,1182300
2015-01-29,23.459999084472656,24.950000762939453,23.190000534057617,24.540000915527344,24.540000915527344,1139500
2015-01-30,24.350000381469727,26.270000457763672,24.270000457763672,24.950000762939453,24.950000762939453,1192200
2015-02-02,24.809999465942383,26.969999313354492,24.809999465942383,26.790000915527344,26.790000915527344,1320600
2015-02-03,27.0,27.68000030517578,26.31999969482422,26.5,26.5,2200900
2015-02-04,26.31999969482422,26.479999542236328,25.40999984741211,25.459999084472656,25.459999084472656,1112400
2015-02-05,25.579999923706055,25.889999389648438,25.219999313354492,25.31999969482422,25.31999969482422,1381600
2015-02-06,25.399999618530273,26.0,24.600000381469727,24.729999542236328,24.729999542236328,1342000
2015-02-09,24.709999084472656,25.309999465942383,24.6299991607666,25.18000030517578,25.18000030517578,2005500
2015-02-10,25.149999618530273,25.68000030517578,24.540000915527344,24.899999618530273,24.899999618530273,1700500
2015-02-11,24.84000015258789,24.969999313354492,23.950000762939453,24.389999389648438,24.389999389648438,1832700
2015-02-12,24.739999771118164,25.549999237060547,24.510000228881836,24.940000534057617,24.940000534057617,1328100
2015-02-13,25.190000534057617,25.690000534057617,25.0,25.639999389648438,25.639999389648438,1097500
2015-02-17,25.600000381469727,26.020000457763672,25.09000015258789,25.860000610351562,25.860000610351562,950000
2015-02-18,25.850000381469727,26.170000076293945,24.700000762939453,24.790000915527344,24.790000915527344,1096600
2015-02-19,24.389999389648438,24.84000015258789,24.0,24.600000381469727,24.600000381469727,1356900
2015-02-20,24.540000915527344,24.690000534057617,23.049999237060547,23.389999389648438,23.389999389648438,3354700
2015-02-23,22.5,22.540000915527344,21.420000076293945,22.299999237060547,22.299999237060547,5885200
2015-02-24,22.309999465942383,22.68000030517578,21.915000915527344,22.440000534057617,22.440000534057617,1760400
2015-02-25,22.350000381469727,23.049999237060547,21.979999542236328,22.15999984741211,22.15999984741211,1977000
2015-02-26,22.15999984741211,22.329999923706055,21.1299991607666,21.350000381469727,21.350000381469727,1366600
2015-02-27,21.450000762939453,21.545000076293945,21.030000686645508,21.25,21.25,1313000
2015-03-02,21.25,22.049999237060547,21.139999389648438,22.049999237060547,22.049999237060547,1269700
2015-03-03,22.010000228881836,22.639999389648438,21.920000076293945,22.209999084472656,22.209999084472656,1273500
2015-03-04,22.309999465942383,23.360000610351562,21.829999923706055,23.260000228881836,23.260000228881836,1310300
2015-03-05,23.18000030517578,23.246000289916992,22.709999084472656,22.760000228881836,22.760000228881836,475000
2015-03-06,22.559999465942383,24.479999542236328,22.5,23.6200008392334,23.6200008392334,1399000
2015-03-09,23.739999771118164,24.260000228881836,23.15999984741211,24.200000762939453,24.200000762939453,850800
2015-03-10,24.1200008392334,25.3799991607666,24.1200008392334,24.6200008392334,24.6200008392334,1047400
2015-03-11,24.790000915527344,25.31999969482422,24.219999313354492,24.350000381469727,24.350000381469727,725600
2015-03-12,24.56999969482422,25.06999969482422,24.200000762939453,24.25,24.25,438100
2015-03-13,22.709999084472656,23.0,21.760000228881836,22.15999984741211,22.15999984741211,2216200
2015-03-16,22.649999618530273,22.649999618530273,21.440000534057617,21.850000381469727,21.850000381469727,1450600
2015-03-17,21.530000686645508,21.790000915527344,20.670000076293945,20.81999969482422,20.81999969482422,1797200
2015-03-18,20.700000762939453,20.8700008392334,20.1200008392334,20.729999542236328,20.729999542236328,1672900
2015-03-19,20.520000457763672,20.68000030517578,20.0,20.270000457763672,20.270000457763672,919700
2015-03-20,20.290000915527344,20.579999923706055,20.03499984741211,20.520000457763672,20.520000457763672,3202500
2015-03-23,20.540000915527344,20.739999771118164,20.420000076293945,20.469999313354492,20.469999313354492,1311600
2015-03-24,20.510000228881836,20.579999923706055,20.34000015258789,20.459999084472656,20.459999084472656,481900
2015-03-25,20.770000457763672,20.81999969482422,20.40999984741211,20.6299991607666,20.6299991607666,797500
2015-03-26,20.799999237060547,20.8700008392334,20.474000930786133,20.5,20.5,481900
2015-03-27,20.59000015258789,20.700000762939453,20.170000076293945,20.690000534057617,20.690000534057617,886400
2015-03-30,21.0,21.940000534057617,20.93000030517578,21.829999923706055,21.829999923706055,961300
2015-03-31,21.700000762939453,21.770000457763672,21.325000762939453,21.639999389648438,21.639999389648438,1102600
2015-04-01,21.6200008392334,22.209999084472656,21.520000457763672,21.65999984741211,21.65999984741211,948400
2015-04-02,21.510000228881836,22.0,21.510000228881836,21.84000015258789,21.84000015258789,537400
2015-04-06,22.170000076293945,22.170000076293945,21.690000534057617,21.850000381469727,21.850000381469727,1497500
2015-04-07,21.760000228881836,23.200000762939453,21.600000381469727,23.1299991607666,23.1299991607666,774900
2015-04-08,22.989999771118164,23.5,22.75,23.06999969482422,23.06999969482422,852600
2015-04-09,22.860000610351562,23.145000457763672,22.059999465942383,22.149999618530273,22.149999618530273,1215900
2015-04-10,22.139999389648438,22.290000915527344,21.575000762939453,21.649999618530273,21.649999618530273,749500
2015-04-13,21.68000030517578,21.729999542236328,21.360000610351562,21.399999618530273,21.399999618530273,808300
2015-04-14,21.43000030517578,21.790000915527344,21.06999969482422,21.739999771118164,21.739999771118164,1392900
2015-04-15,21.84000015258789,22.510000228881836,21.770000457763672,22.299999237060547,22.299999237060547,1858600
2015-04-16,22.329999923706055,23.165000915527344,22.040000915527344,22.979999542236328,22.979999542236328,1715500
2015-04-17,22.860000610351562,23.350000381469727,22.520000457763672,23.309999465942383,23.309999465942383,1092400
2015-04-20,23.389999389648438,23.75,23.280000686645508,23.690000534057617,23.690000534057617,1086100
2015-04-21,23.709999084472656,23.940000534057617,22.770000457763672,22.81999969482422,22.81999969482422,749000
2015-04-22,22.850000381469727,22.969999313354492,22.15999984741211,22.290000915527344,22.290000915527344,652800
2015-04-23,22.270000457763672,22.93000030517578,21.860000610351562,22.829999923706055,22.829999923706055,542300
2015-04-24,22.739999771118164,22.940000534057617,22.399999618530273,22.489999771118164,22.489999771118164,358400
2015-04-27,22.610000610351562,22.65999984741211,21.8799991607666,22.280000686645508,22.280000686645508,682600
2015-04-28,22.18000030517578,22.5,21.790000915527344,22.469999313354492,22.469999313354492,373500
2015-04-29,22.40999984741211,24.149999618530273,22.299999237060547,23.799999237060547,23.799999237060547,1166400
2015-04-30,23.65999984741211,23.959999084472656,23.219999313354492,23.899999618530273,23.899999618530273,1327300
2015-05-01,23.860000610351562,24.940000534057617,23.860000610351562,24.639999389648438,24.639999389648438,1307400
2015-05-04,24.690000534057617,24.940000534057617,24.299999237060547,24.309999465942383,24.309999465942383,544300
2015-05-05,24.399999618530273,25.040000915527344,24.09000015258789,24.950000762939453,24.950000762939453,834600
2015-05-06,25.030000686645508,25.065000534057617,24.239999771118164,24.420000076293945,24.420000076293945,712100
2015-05-07,23.979999542236328,25.0,22.84000015258789,23.6200008392334,23.6200008392334,1049800
2015-05-08,23.719999313354492,24.979999542236328,23.219999313354492,24.93000030517578,24.93000030517578,954600
2015-05-11,24.889999389648438,25.030000686645508,24.229999542236328,25.0,25.0,606800
2015-05-12,25.100000381469727,25.700000762939453,25.020000457763672,25.59000015258789,25.59000015258789,1389200
2015-05-13,25.75,25.860000610351562,25.139999389648438,25.329999923706055,25.329999923706055,573400
2015-05-14,25.3700008392334,25.5,24.850000381469727,24.979999542236328,24.979999542236328,884400
2015-05-15,24.93000030517578,25.170000076293945,24.469999313354492,24.899999618530273,24.899999618530273,500600
2015-05-18,24.709999084472656,25.399999618530273,24.299999237060547,25.270000457763672,25.270000457763672,814100
2015-05-19,24.8799991607666,24.8799991607666,23.1200008392334,24.040000915527344,24.040000915527344,1104800
2015-05-20,24.010000228881836,24.219999313354492,23.690000534057617,23.850000381469727,23.850000381469727,766500
2015-05-21,23.979999542236328,24.125,23.6299991607666,24.030000686645508,24.030000686645508,694800
2015-05-22,23.700000762939453,24.030000686645508,23.420000076293945,23.6299991607666,23.6299991607666,342500
2015-05-26,23.479999542236328,23.530000686645508,22.719999313354492,22.920000076293945,22.920000076293945,689900
2015-05-27,22.799999237060547,23.360000610351562,22.639999389648438,23.100000381469727,23.100000381469727,511700
2015-05-28,23.020000457763672,23.18000030517578,22.610000610351562,22.899999618530273,22.899999618530273,571000
2015-05-29,22.809999465942383,23.450000762939453,22.610000610351562,23.1200008392334,23.1200008392334,1176100
2015-06-01,23.59000015258789,23.709999084472656,22.709999084472656,22.850000381469727,22.850000381469727,909900
2015-06-02,23.0,23.09000015258789,22.770000457763672,22.790000915527344,22.790000915527344,792600
2015-06-03,22.780000686645508,23.510000228881836,22.75,23.389999389648438,23.389999389648438,1089400
2015-06-04,23.309999465942383,23.3799991607666,23.0,23.09000015258789,23.09000015258789,409700
2015-06-05,23.040000915527344,23.690000534057617,22.989999771118164,23.030000686645508,23.030000686645508,498000
2015-06-08,22.940000534057617,22.969999313354492,22.260000228881836,22.670000076293945,22.670000076293945,415900
2015-06-09,22.780000686645508,22.969999313354492,22.459999084472656,22.510000228881836,22.510000228881836,418300
2015-06-10,22.709999084472656,22.860000610351562,22.5,22.65999984741211,22.65999984741211,634800
2015-06-11,22.559999465942383,22.642000198364258,21.950000762939453,22.010000228881836,22.010000228881836,722000
2015-06-12,21.950000762939453,22.149999618530273,21.719999313354492,21.799999237060547,21.799999237060547,483200
2015-06-15,21.739999771118164,21.739999771118164,20.93000030517578,21.479999542236328,21.479999542236328,2584200
2015-06-16,21.5,21.799999237060547,21.18000030517578,21.40999984741211,21.40999984741211,579400
2015-06-17,21.43000030517578,21.610000610351562,21.06999969482422,21.299999237060547,21.299999237060547,579000
2015-06-18,21.360000610351562,21.770000457763672,20.829999923706055,21.520000457763672,21.520000457763672,568500
2015-06-19,21.469999313354492,21.809999465942383,21.34000015258789,21.729999542236328,21.729999542236328,802200
2015-06-22,21.75,22.134000778198242,21.559999465942383,21.920000076293945,21.920000076293945,673100
2015-06-23,21.90999984741211,22.174999237060547,21.850000381469727,21.969999313354492,21.969999313354492,310700
2015-06-24,21.860000610351562,22.030000686645508,21.40999984741211,21.440000534057617,21.440000534057617,473900
2015-06-25,21.459999084472656,21.56999969482422,20.579999923706055,20.899999618530273,20.899999618530273,738900
2015-06-26,20.899999618530273,20.98200035095215,20.31999969482422,20.329999923706055,20.329999923706055,716700
2015-06-29,20.209999084472656,20.329999923706055,20.010000228881836,20.1200008392334,20.1200008392334,1245400
2015-06-30,20.25,20.299999237060547,19.600000381469727,19.90999984741211,19.90999984741211,938500
2015-07-01,19.84000015258789,20.014999389648438,19.459999084472656,19.65999984741211,19.65999984741211,1424500
2015-07-02,19.5,19.649999618530273,19.270000457763672,19.600000381469727,19.600000381469727,1067500
2015-07-06,19.309999465942383,19.579999923706055,19.020000457763672,19.190000534057617,19.190000534057617,2143800
2015-07-07,19.149999618530273,19.295000076293945,18.579999923706055,19.100000381469727,19.100000381469727,1702200
2015-07-08,19.0,19.040000915527344,18.020000457763672,18.469999313354492,18.469999313354492,2077300
2015-07-09,18.68000030517578,19.6299991607666,18.43000030517578,19.350000381469727,19.350000381469727,1472300
2015-07-10,19.360000610351562,19.770000457763672,19.209999084472656,19.739999771118164,19.739999771118164,1566800
2015-07-13,19.770000457763672,19.790000915527344,19.360000610351562,19.65999984741211,19.65999984741211,573000
2015-07-14,19.600000381469727,19.829999923706055,19.5,19.729999542236328,19.729999542236328,516400
2015-07-15,19.579999923706055,19.670000076293945,18.780000686645508,18.829999923706055,18.829999923706055,664900
2015-07-16,18.850000381469727,18.954999923706055,18.639999389648438,18.729999542236328,18.729999542236328,576700
2015-07-17,18.700000762939453,18.766000747680664,18.469999313354492,18.600000381469727,18.600000381469727,1347400
2015-07-20,18.600000381469727,18.860000610351562,18.56999969482422,18.829999923706055,18.829999923706055,688300
2015-07-21,18.8700008392334,19.139999389648438,18.760000228881836,18.899999618530273,18.899999618530273,648400
2015-07-22,18.850000381469727,19.010000228881836,18.510000228881836,18.670000076293945,18.670000076293945,845900
2015-07-23,18.709999084472656,19.670000076293945,18.469999313354492,19.6200008392334,19.6200008392334,1083900
2015-07-24,19.56999969482422,19.56999969482422,18.25,18.389999389648438,18.389999389648438,814100
2015-07-27,18.15999984741211,18.3799991607666,17.739999771118164,17.809999465942383,17.809999465942383,1081300
2015-07-28,17.920000076293945,18.239999771118164,17.440000534057617,18.079999923706055,18.079999923706055,1029200
2015-07-29,18.059999465942383,19.079999923706055,18.010000228881836,18.979999542236328,18.979999542236328,1003700
2015-07-30,18.950000762939453,18.959999084472656,18.170000076293945,18.219999313354492,18.219999313354492,828300
2015-07-31,18.299999237060547,18.299999237060547,17.360000610351562,17.399999618530273,17.399999618530273,940400
2015-08-03,17.270000457763672,17.670000076293945,16.969999313354492,17.06999969482422,17.06999969482422,1503300
2015-08-04,17.06999969482422,17.559999465942383,16.454999923706055,16.6200008392334,16.6200008392334,1836100
2015-08-05,16.559999465942383,17.31999969482422,16.31999969482422,17.040000915527344,17.040000915527344,1852600
2015-08-06,16.829999923706055,18.350000381469727,16.829999923706055,18.200000762939453,18.200000762939453,2788500
2015-08-07,18.170000076293945,18.68000030517578,18.049999237060547,18.170000076293945,18.170000076293945,1786600
2015-08-10,18.219999313354492,18.889999389648438,18.1200008392334,18.719999313354492,18.719999313354492,1233000
2015-08-11,18.440000534057617,19.1299991607666,18.350000381469727,19.06999969482422,19.06999969482422,2470600
2015-08-12,18.989999771118164,19.299999237060547,18.059999465942383,18.440000534057617,18.440000534057617,1808500
2015-08-13,18.549999237060547,18.770000457763672,17.350000381469727,17.520000457763672,17.520000457763672,1207400
2015-08-14,17.489999771118164,17.790000915527344,17.110000610351562,17.190000534057617,17.190000534057617,1288200
2015-08-17,17.190000534057617,17.530000686645508,17.110000610351562,17.40999984741211,17.40999984741211,621300
2015-08-18,17.329999923706055,17.520000457763672,17.010000228881836,17.200000762939453,17.200000762939453,610800
2015-08-19,17.09000015258789,17.219999313354492,16.489999771118164,16.510000228881836,16.510000228881836,829400
2015-08-20,16.540000915527344,16.700000762939453,15.859999656677246,16.010000228881836,16.010000228881836,2536600
2015-08-21,15.890000343322754,16.170000076293945,15.479999542236328,15.5,15.5,2389100
2015-08-24,14.75,15.6899995803833,14.0,14.989999771118164,14.989999771118164,2169300
2015-08-25,15.390000343322754,15.479999542236328,14.890000343322754,15.079999923706055,15.079999923706055,1624400
2015-08-26,15.420000076293945,15.4399995803833,15.020000457763672,15.350000381469727,15.350000381469727,1486800
2015-08-27,15.65999984741211,16.170000076293945,15.479999542236328,16.149999618530273,16.149999618530273,872500
2015-08-28,16.09000015258789,16.783000946044922,16.09000015258789,16.34000015258789,16.34000015258789,959400
2015-08-31,16.25,17.25,15.960000038146973,17.059999465942383,17.059999465942383,1046500
2015-09-01,16.6200008392334,17.260000228881836,16.510000228881836,16.8700008392334,16.8700008392334,2333800
2015-09-02,17.100000381469727,17.139999389648438,16.450000762939453,17.010000228881836,17.010000228881836,2574700
2015-09-03,17.010000228881836,17.440000534057617,16.84000015258789,17.3700008392334,17.3700008392334,1362200
2015-09-04,17.1200008392334,17.530000686645508,17.100000381469727,17.40999984741211,17.40999984741211,1401600
2015-09-08,17.540000915527344,17.649999618530273,17.280000686645508,17.469999313354492,17.469999313354492,1778100
2015-09-09,17.450000762939453,17.709999084472656,16.079999923706055,16.420000076293945,16.420000076293945,3087000
2015-09-10,16.329999923706055,16.559999465942383,15.699999809265137,16.190000534057617,16.190000534057617,1770900
2015-09-11,15.970000267028809,16.280000686645508,15.720000267028809,16.190000534057617,16.190000534057617,3131800
2015-09-14,16.25,16.40999984741211,16.059999465942383,16.260000228881836,16.260000228881836,2259500
2015-09-15,16.280000686645508,16.444000244140625,15.5,15.949999809265137,15.949999809265137,1640200
2015-09-16,15.979999542236328,16.850000381469727,15.880000114440918,16.75,16.75,1222500
2015-09-17,16.729999542236328,17.469999313354492,16.5,17.239999771118164,17.239999771118164,2408000
2015-09-18,16.940000534057617,17.030000686645508,16.540000915527344,16.719999313354492,16.719999313354492,2778100
2015-09-21,16.969999313354492,17.04400062561035,16.06999969482422,16.110000610351562,16.110000610351562,2470900
2015-09-22,15.9399995803833,16.290000915527344,15.760000228881836,16.09000015258789,16.09000015258789,1268200
2015-09-23,16.040000915527344,16.459999084472656,15.949999809265137,16.200000762939453,16.200000762939453,1304300
2015-09-24,16.09000015258789,16.360000610351562,15.899999618530273,16.079999923706055,16.079999923706055,1020800
2015-09-25,16.079999923706055,16.084999084472656,15.319999694824219,15.739999771118164,15.739999771118164,1004200
2015-09-28,15.4399995803833,15.649999618530273,15.119999885559082,15.4399995803833,15.4399995803833,948900
2015-09-29,15.460000038146973,15.609999656677246,15.050000190734863,15.170000076293945,15.170000076293945,826300
2015-09-30,15.220000267028809,15.369999885559082,14.5,14.800000190734863,14.800000190734863,1341400
2015-10-01,14.989999771118164,15.569999694824219,14.859999656677246,15.010000228881836,15.010000228881836,1487100
2015-10-02,14.850000381469727,16.079999923706055,14.850000381469727,16.049999237060547,16.049999237060547,999200
2015-10-05,16.190000534057617,16.959999084472656,16.0,16.709999084472656,16.709999084472656,1426800
2015-10-06,16.75,17.790000915527344,16.719999313354492,17.549999237060547,17.549999237060547,2236600
2015-10-07,17.760000228881836,18.25,17.110000610351562,17.649999618530273,17.649999618530273,1686400
2015-10-08,17.649999618530273,18.09000015258789,17.31999969482422,17.81999969482422,17.81999969482422,1988400
2015-10-09,17.920000076293945,18.059999465942383,17.59000015258789,17.860000610351562,17.860000610351562,1082600
2015-10-12,17.84000015258789,17.950000762939453,17.229999542236328,17.510000228881836,17.510000228881836,1038800
2015-10-13,17.459999084472656,17.68000030517578,17.280000686645508,17.389999389648438,17.389999389648438,703800
2015-10-14,17.40999984741211,17.670000076293945,17.209999084472656,17.600000381469727,17.600000381469727,703300
2015-10-15,17.579999923706055,17.6200008392334,17.0,17.399999618530273,17.399999618530273,750500
2015-10-16,17.399999618530273,17.489999771118164,16.510000228881836,17.020000457763672,17.020000457763672,1064900
2015-10-19,16.899999618530273,16.959999084472656,16.030000686645508,16.290000915527344,16.290000915527344,737000
2015-10-20,16.299999237060547,16.799999237060547,16.149999618530273,16.270000457763672,16.270000457763672,1076400
2015-10-21,16.149999618530273,16.549999237060547,15.949999809265137,15.989999771118164,15.989999771118164,745800
2015-10-22,16.100000381469727,16.719999313354492,15.949999809265137,16.3700008392334,16.3700008392334,1456300
2015-10-23,16.3700008392334,16.700000762939453,16.040000915527344,16.579999923706055,16.579999923706055,1408200
2015-10-26,16.489999771118164,16.6299991607666,15.989999771118164,16.149999618530273,16.149999618530273,697600
2015-10-27,15.979999542236328,16.15999984741211,15.34000015258789,15.8100004196167,15.8100004196167,1094600
2015-10-28,16.15999984741211,16.670000076293945,15.880000114440918,16.540000915527344,16.540000915527344,1421900
2015-10-29,16.93000030517578,17.290000915527344,16.399999618530273,16.700000762939453,16.700000762939453,1048400
2015-10-30,16.790000915527344,17.040000915527344,16.104999542236328,16.510000228881836,16.510000228881836,1157500
2015-11-02,16.59000015258789,17.395000457763672,16.350000381469727,17.1200008392334,17.1200008392334,2229400
2015-11-03,16.559999465942383,17.969999313354492,16.559999465942383,17.770000457763672,17.770000457763672,1643900
2015-11-04,17.729999542236328,18.219999313354492,17.600000381469727,17.829999923706055,17.829999923706055,1760400
2015-11-05,17.75,18.479999542236328,17.61400032043457,17.799999237060547,17.799999237060547,1519100
2015-11-06,17.6200008392334,18.5,17.43000030517578,18.040000915527344,18.040000915527344,1598000
2015-11-09,17.989999771118164,18.239999771118164,17.420000076293945,18.010000228881836,18.010000228881836,1405000
2015-11-10,18.0,18.5,17.850000381469727,18.0,18.0,1385400
2015-11-11,17.989999771118164,18.110000610351562,16.420000076293945,16.600000381469727,16.600000381469727,1014900
2015-11-12,16.43000030517578,17.190000534057617,16.209999084472656,17.06999969482422,17.06999969482422,1442800
2015-11-13,16.979999542236328,17.479999542236328,16.950000762939453,17.31999969482422,17.31999969482422,1114800
2015-11-16,17.290000915527344,17.809999465942383,16.950000762939453,17.049999237060547,17.049999237060547,1187100
2015-11-17,17.040000915527344,17.40999984741211,16.84000015258789,17.1200008392334,17.1200008392334,1294100
2015-11-18,17.200000762939453,18.219999313354492,17.200000762939453,18.18000030517578,18.18000030517578,1294000
2015-11-19,17.979999542236328,18.510000228881836,17.979999542236328,18.280000686645508,18.280000686645508,1122600
2015-11-20,18.260000228881836,18.5,18.06999969482422,18.3700008392334,18.3700008392334,1335400
2015-11-23,18.270000457763672,18.489999771118164,17.770000457763672,18.110000610351562,18.110000610351562,1146700
2015-11-24,18.1299991607666,18.610000610351562,18.09000015258789,18.299999237060547,18.299999237060547,1346100
2015-11-25,18.209999084472656,18.510000228881836,17.90999984741211,18.309999465942383,18.309999465942383,880100
2015-11-27,18.229999542236328,18.5,17.989999771118164,18.110000610351562,18.110000610351562,379100
2015-11-30,18.18000030517578,18.600000381469727,18.02899932861328,18.3799991607666,18.3799991607666,1042600
2015-12-01,18.290000915527344,18.56999969482422,18.149999618530273,18.440000534057617,18.440000534057617,1498000
2015-12-02,18.309999465942383,18.950000762939453,18.062999725341797,18.309999465942383,18.309999465942383,1436000
2015-12-03,18.309999465942383,18.510000228881836,17.979999542236328,18.389999389648438,18.389999389648438,1068200
2015-12-04,18.18000030517578,18.3700008392334,17.670000076293945,18.200000762939453,18.200000762939453,1047300
2015-12-07,17.889999389648438,18.149999618530273,16.93000030517578,16.989999771118164,16.989999771118164,1198700
2015-12-08,16.780000686645508,16.934999465942383,16.3799991607666,16.760000228881836,16.760000228881836,1113100
2015-12-09,16.799999237060547,17.469999313354492,16.799999237060547,16.959999084472656,16.959999084472656,995000
2015-12-10,16.899999618530273,17.459999084472656,16.8799991607666,17.3799991607666,17.3799991607666,844100
2015-12-11,17.170000076293945,17.209999084472656,16.549999237060547,16.600000381469727,16.600000381469727,736800
2015-12-14,16.530000686645508,16.530000686645508,15.819999694824219,16.25,16.25,1137000
2015-12-15,16.40999984741211,16.56999969482422,16.1200008392334,16.479999542236328,16.479999542236328,1513800
2015-12-16,16.420000076293945,16.666000366210938,15.84000015258789,15.920000076293945,15.920000076293945,1304000
2015-12-17,15.930000305175781,16.329999923706055,15.78499984741211,16.059999465942383,16.059999465942383,1267600
2015-12-18,15.9399995803833,16.1299991607666,15.53499984741211,15.869999885559082,15.869999885559082,1976400
2015-12-21,15.789999961853027,16.170000076293945,15.375,16.020000457763672,16.020000457763672,1113300
2015-12-22,16.020000457763672,16.549999237060547,15.90999984741211,16.350000381469727,16.350000381469727,836500
2015-12-23,16.399999618530273,16.8700008392334,16.3700008392334,16.770000457763672,16.770000457763672,1550900
2015-12-24,16.75,17.09000015258789,16.722999572753906,16.850000381469727,16.850000381469727,489700
2015-12-28,16.610000610351562,16.610000610351562,15.170000076293945,15.680000305175781,15.680000305175781,3236500
2015-12-29,15.779999732971191,16.0,15.489999771118164,15.949999809265137,15.949999809265137,2015900
2015-12-30,15.640000343322754,16.149999618530273,15.630000114440918,16.020000457763672,16.020000457763672,1044000
2015-12-31,15.960000038146973,16.149999618530273,15.779999732971191,15.819999694824219,15.819999694824219,769600
2016-01-04,15.760000228881836,16.25,15.600000381469727,15.970000267028809,15.970000267028809,1858000
2016-01-05,15.970000267028809,16.239999771118164,15.270000457763672,15.3100004196167,15.3100004196167,1753700
2016-01-06,15.050000190734863,15.289999961853027,14.520000457763672,14.600000381469727,14.600000381469727,1687300
2016-01-07,14.470000267028809,15.109999656677246,14.380000114440918,14.699999809265137,14.699999809265137,2942300
2016-01-08,14.819999694824219,15.220000267028809,14.210000038146973,14.25,14.25,1213200
2016-01-11,14.180000305175781,14.289999961853027,13.8100004196167,14.079999923706055,14.079999923706055,1514400
2016-01-12,14.34000015258789,14.390000343322754,13.380000114440918,13.75,13.75,1783400
2016-01-13,13.869999885559082,14.0,13.0649995803833,13.369999885559082,13.369999885559082,1349000
2016-01-14,13.5,13.949999809265137,13.069999694824219,13.550000190734863,13.550000190734863,1933900
2016-01-15,13.149999618530273,13.670000076293945,12.984999656677246,13.479999542236328,13.479999542236328,1521600
2016-01-19,13.579999923706055,13.819999694824219,12.619999885559082,12.84000015258789,12.84000015258789,1523800
2016-01-20,12.579999923706055,12.710000038146973,12.029999732971191,12.539999961853027,12.539999961853027,2322800
2016-01-21,12.4399995803833,12.869999885559082,12.369999885559082,12.609999656677246,12.609999656677246,1846000
2016-01-22,12.979999542236328,13.229999542236328,12.640000343322754,12.979999542236328,12.979999542236328,1986800
2016-01-25,12.699999809265137,13.210000038146973,12.390000343322754,12.479999542236328,12.479999542236328,1577600
2016-01-26,12.710000038146973,12.885000228881836,12.420000076293945,12.850000381469727,12.850000381469727,1184300
2016-01-27,12.710000038146973,13.020000457763672,12.59000015258789,12.75,12.75,1230200
2016-01-28,13.220000267028809,13.380000114440918,12.630000114440918,12.8100004196167,12.8100004196167,1872600
2016-01-29,12.859999656677246,13.5600004196167,12.859999656677246,13.5600004196167,13.5600004196167,1608800
2016-02-01,13.289999961853027,13.449999809265137,12.75,13.199999809265137,13.199999809265137,1290600
2016-02-02,12.9399995803833,13.020000457763672,12.5649995803833,12.59000015258789,12.59000015258789,849100
2016-02-03,12.800000190734863,13.260000228881836,12.470000267028809,13.229999542236328,13.229999542236328,1026700
2016-02-04,13.350000381469727,14.039999961853027,13.3100004196167,13.850000381469727,13.850000381469727,1549400
2016-02-05,13.699999809265137,14.09000015258789,13.680999755859375,13.890000343322754,13.890000343322754,2035900
2016-02-08,13.739999771118164,13.850000381469727,13.359999656677246,13.699999809265137,13.699999809265137,1526600
2016-02-09,13.489999771118164,13.699999809265137,12.829999923706055,13.069999694824219,13.069999694824219,1358500
2016-02-10,13.020000457763672,13.289999961853027,12.729999542236328,12.979999542236328,12.979999542236328,1237700
2016-02-11,12.739999771118164,13.140000343322754,12.390000343322754,12.9399995803833,12.9399995803833,1218000
2016-02-12,13.0600004196167,13.329999923706055,12.859999656677246,12.989999771118164,12.989999771118164,1969600
2016-02-16,13.119999885559082,13.430000305175781,12.970000267028809,13.220000267028809,13.220000267028809,1805600
2016-02-17,13.329999923706055,14.0,13.329999923706055,13.920000076293945,13.920000076293945,2619600
2016-02-18,14.100000381469727,14.220000267028809,13.555000305175781,13.960000038146973,13.960000038146973,1832200
2016-02-19,13.84000015258789,14.0600004196167,13.5,13.710000038146973,13.710000038146973,1302700
2016-02-22,13.90999984741211,14.170000076293945,13.880000114440918,13.9399995803833,13.9399995803833,1120100
2016-02-23,14.199999809265137,15.619999885559082,14.100000381469727,14.399999618530273,14.399999618530273,2624100
2016-02-24,14.180000305175781,15.09000015258789,13.710000038146973,15.010000228881836,15.010000228881836,2228200
2016-02-25,14.970000267028809,15.520000457763672,14.680000305175781,15.479999542236328,15.479999542236328,2658000
2016-02-26,15.739999771118164,16.084999084472656,15.710000038146973,15.90999984741211,15.90999984741211,1539700
2016-02-29,15.949999809265137,16.2549991607666,15.8100004196167,16.18000030517578,16.18000030517578,1332600
2016-03-01,16.270000457763672,16.940000534057617,16.18000030517578,16.790000915527344,16.790000915527344,2609100
2016-03-02,16.81999969482422,17.290000915527344,16.400999069213867,17.280000686645508,17.280000686645508,1747100
2016-03-03,17.229999542236328,17.975000381469727,17.139999389648438,17.780000686645508,17.780000686645508,1800400
2016-03-04,17.850000381469727,18.940000534057617,17.836999893188477,18.65999984741211,18.65999984741211,2141500
2016-03-07,18.600000381469727,20.075000762939453,18.520000457763672,20.020000457763672,20.020000457763672,2061200
2016-03-08,19.75,20.0,17.850000381469727,18.1200008392334,18.1200008392334,2853600
2016-03-09,18.309999465942383,18.670000076293945,18.0,18.25,18.25,1322200
2016-03-10,18.18000030517578,18.530000686645508,17.68000030517578,18.299999237060547,18.299999237060547,1435500
2016-03-11,18.649999618530273,18.940000534057617,18.25,18.459999084472656,18.459999084472656,1383500
2016-03-14,18.1299991607666,18.329999923706055,17.829999923706055,18.219999313354492,18.219999313354492,856100
2016-03-15,17.979999542236328,18.139999389648438,17.489999771118164,18.040000915527344,18.040000915527344,860400
2016-03-16,18.040000915527344,18.405000686645508,17.889999389648438,18.3700008392334,18.3700008392334,820800
2016-03-17,18.549999237060547,18.93000030517578,18.350000381469727,18.639999389648438,18.639999389648438,755800
2016-03-18,18.68000030517578,19.010000228881836,18.540000915527344,18.809999465942383,18.809999465942383,1424900
2016-03-21,18.81999969482422,18.950000762939453,18.600000381469727,18.81999969482422,18.81999969482422,873800
2016-03-22,18.6200008392334,18.920000076293945,18.469999313354492,18.520000457763672,18.520000457763672,730000
2016-03-23,18.360000610351562,18.59000015258789,18.020000457763672,18.030000686645508,18.030000686645508,546200
2016-03-24,17.700000762939453,18.229999542236328,17.600000381469727,18.209999084472656,18.209999084472656,825700
2016-03-28,18.299999237060547,18.3799991607666,17.889999389648438,18.200000762939453,18.200000762939453,355500
2016-03-29,17.8799991607666,18.139999389648438,17.670000076293945,17.989999771118164,17.989999771118164,913600
2016-03-30,18.209999084472656,18.25,17.56999969482422,17.950000762939453,17.950000762939453,1197500
2016-03-31,17.920000076293945,18.1299991607666,17.610000610351562,17.719999313354492,17.719999313354492,1085300
2016-04-01,17.450000762939453,17.770000457763672,17.139999389648438,17.700000762939453,17.700000762939453,903800
2016-04-04,17.700000762939453,17.84000015258789,16.815000534057617,17.0,17.0,866300
2016-04-05,16.90999984741211,17.030000686645508,16.709999084472656,16.860000610351562,16.860000610351562,723000
2016-04-06,16.90999984741211,16.950000762939453,16.489999771118164,16.84000015258789,16.84000015258789,847900
2016-04-07,16.760000228881836,16.850000381469727,15.770000457763672,15.960000038146973,15.960000038146973,1223500
2016-04-08,16.260000228881836,16.850000381469727,16.187999725341797,16.540000915527344,16.540000915527344,1357500
2016-04-11,16.649999618530273,17.0,16.450000762939453,16.729999542236328,16.729999542236328,942800
2016-04-12,16.639999389648438,17.3700008392334,16.459999084472656,17.15999984741211,17.15999984741211,689400
2016-04-13,17.170000076293945,17.280000686645508,16.93000030517578,17.110000610351562,17.110000610351562,773300
2016-04-14,17.1299991607666,17.25,16.915000915527344,17.049999237060547,17.049999237060547,856200
2016-04-15,16.950000762939453,17.149999618530273,16.507999420166016,17.049999237060547,17.049999237060547,800200
2016-04-18,16.780000686645508,17.469999313354492,16.59000015258789,17.43000030517578,17.43000030517578,962000
2016-04-19,17.579999923706055,18.239999771118164,17.450000762939453,18.040000915527344,18.040000915527344,1143200
2016-04-20,17.969999313354492,18.149999618530273,17.81999969482422,17.850000381469727,17.850000381469727,1144500
2016-04-21,17.979999542236328,18.18000030517578,17.639999389648438,17.760000228881836,17.760000228881836,789300
2016-04-22,17.790000915527344,18.510000228881836,17.760000228881836,18.280000686645508,18.280000686645508,1101700
2016-04-25,18.219999313354492,18.219999313354492,17.600000381469727,17.75,17.75,1841100
2016-04-26,17.81999969482422,17.920000076293945,17.559999465942383,17.889999389648438,17.889999389648438,1464400
2016-04-27,17.979999542236328,18.5,17.770000457763672,18.309999465942383,18.309999465942383,1665400
2016-04-28,18.229999542236328,18.260000228881836,17.559999465942383,17.6299991607666,17.6299991607666,1349000
2016-04-29,17.860000610351562,18.434999465942383,17.649999618530273,18.059999465942383,18.059999465942383,1968200
2016-05-02,18.1200008392334,18.19499969482422,17.639999389648438,17.899999618530273,17.899999618530273,1082300
2016-05-03,17.700000762939453,17.832000732421875,17.049999237060547,17.219999313354492,17.219999313354492,1017300
2016-05-04,17.219999313354492,17.479999542236328,16.799999237060547,17.010000228881836,17.010000228881836,1329400
2016-05-05,17.389999389648438,17.5,16.71500015258789,17.010000228881836,17.010000228881836,1856800
2016-05-06,16.93000030517578,17.479999542236328,16.719999313354492,17.219999313354492,17.219999313354492,1997500
2016-05-09,17.020000457763672,17.170000076293945,16.700000762939453,16.920000076293945,16.920000076293945,1214700
2016-05-10,17.0,17.190000534057617,16.770000457763672,17.100000381469727,17.100000381469727,935100
2016-05-11,17.010000228881836,17.260000228881836,16.729999542236328,17.0,17.0,1378500
2016-05-12,17.209999084472656,17.209999084472656,16.84000015258789,17.049999237060547,17.049999237060547,1339100
2016-05-13,17.020000457763672,17.020000457763672,16.459999084472656,16.579999923706055,16.579999923706055,1137200
2016-05-16,16.739999771118164,17.209999084472656,16.700000762939453,16.84000015258789,16.84000015258789,1462700
2016-05-17,16.829999923706055,17.40999984741211,16.770000457763672,17.1299991607666,17.1299991607666,1274000
2016-05-18,17.010000228881836,17.200000762939453,16.19499969482422,16.260000228881836,16.260000228881836,907100
2016-05-19,16.110000610351562,16.280000686645508,15.850000381469727,16.1299991607666,16.1299991607666,1194000
2016-05-20,16.229999542236328,16.895000457763672,16.229999542236328,16.8799991607666,16.8799991607666,998100
2016-05-23,16.760000228881836,16.959999084472656,16.5,16.829999923706055,16.829999923706055,571300
2016-05-24,16.899999618530273,16.899999618530273,16.239999771118164,16.420000076293945,16.420000076293945,1068900
2016-05-25,16.6200008392334,17.389999389648438,16.200000762939453,17.270000457763672,17.270000457763672,1176400
2016-05-26,17.389999389648438,17.5,16.950000762939453,17.079999923706055,17.079999923706055,790500
2016-05-27,17.040000915527344,17.149999618530273,16.850000381469727,17.06999969482422,17.06999969482422,537000
2016-05-31,17.149999618530273,17.459999084472656,17.06999969482422,17.34000015258789,17.34000015258789,652000
2016-06-01,17.079999923706055,17.549999237060547,16.739999771118164,17.450000762939453,17.450000762939453,1297400
2016-06-02,17.290000915527344,17.649999618530273,17.06999969482422,17.649999618530273,17.649999618530273,1453100
2016-06-03,17.75,17.940000534057617,17.489999771118164,17.700000762939453,17.700000762939453,1095000
2016-06-06,17.959999084472656,18.989999771118164,17.860000610351562,18.950000762939453,18.950000762939453,1389200
2016-06-07,18.959999084472656,19.40999984741211,18.760000228881836,19.299999237060547,19.299999237060547,1301000
2016-06-08,19.40999984741211,19.639999389648438,19.079999923706055,19.200000762939453,19.200000762939453,1134600
2016-06-09,18.920000076293945,19.290000915527344,18.763999938964844,19.100000381469727,19.100000381469727,735100
2016-06-10,18.829999923706055,18.954999923706055,18.485000610351562,18.510000228881836,18.510000228881836,726600
2016-06-13,18.43000030517578,18.68000030517578,18.280000686645508,18.299999237060547,18.299999237060547,720500
2016-06-14,18.209999084472656,18.59000015258789,18.09000015258789,18.469999313354492,18.469999313354492,937800
2016-06-15,18.450000762939453,18.799999237060547,18.2450008392334,18.270000457763672,18.270000457763672,845500
2016-06-16,18.020000457763672,18.200000762939453,17.739999771118164,18.06999969482422,18.06999969482422,1055700
2016-06-17,18.25,18.809999465942383,18.200000762939453,18.489999771118164,18.489999771118164,1066400
2016-06-20,18.75,19.09000015258789,18.690000534057617,18.81999969482422,18.81999969482422,1003400
2016-06-21,18.770000457763672,18.940000534057617,18.6299991607666,18.81999969482422,18.81999969482422,1284200
2016-06-22,18.81999969482422,19.045000076293945,18.600000381469727,18.6200008392334,18.6200008392334,1105200
2016-06-23,18.860000610351562,19.440000534057617,18.860000610351562,19.200000762939453,19.200000762939453,1310500
2016-06-24,18.219999313354492,18.610000610351562,18.030000686645508,18.270000457763672,18.270000457763672,10075400
2016-06-27,18.020000457763672,18.020000457763672,16.799999237060547,16.799999237060547,16.799999237060547,1437400
2016-06-28,17.020000457763672,17.1299991607666,16.520000457763672,16.579999923706055,16.579999923706055,1349100
2016-06-29,16.8799991607666,17.549999237060547,16.84000015258789,17.440000534057617,17.440000534057617,1146200
2016-06-30,17.420000076293945,18.139999389648438,17.25,18.139999389648438,18.139999389648438,1939000
2016-07-01,18.149999618530273,18.69499969482422,18.09000015258789,18.59000015258789,18.59000015258789,937500
2016-07-05,18.280000686645508,18.440000534057617,17.549999237060547,17.8700008392334,17.8700008392334,900400
2016-07-06,17.860000610351562,18.309999465942383,17.68000030517578,18.280000686645508,18.280000686645508,1234800
2016-07-07,18.350000381469727,18.799999237060547,18.25,18.40999984741211,18.40999984741211,1214700
2016-07-08,18.610000610351562,19.2450008392334,18.610000610351562,19.139999389648438,19.139999389648438,1082800
2016-07-11,19.459999084472656,19.59000015258789,19.139999389648438,19.440000534057617,19.440000534057617,1207600
2016-07-12,19.75,20.25,19.549999237060547,20.149999618530273,20.149999618530273,1688800
2016-07-13,20.25,20.360000610351562,19.989999771118164,20.18000030517578,20.18000030517578,1880400
2016-07-14,20.34000015258789,20.709999084472656,20.239999771118164,20.540000915527344,20.540000915527344,1138300
2016-07-15,20.700000762939453,20.780000686645508,20.440000534057617,20.670000076293945,20.670000076293945,984700
2016-07-18,20.56999969482422,20.690000534057617,20.329999923706055,20.59000015258789,20.59000015258789,931200
2016-07-19,20.479999542236328,20.68000030517578,20.010000228881836,20.09000015258789,20.09000015258789,1315700
2016-07-20,19.860000610351562,19.940000534057617,19.5,19.75,19.75,1525900
2016-07-21,19.75,19.8700008392334,18.889999389648438,18.940000534057617,18.940000534057617,1092200
2016-07-22,18.950000762939453,19.149999618530273,18.739999771118164,18.899999618530273,18.899999618530273,882500
2016-07-25,18.760000228881836,18.829999923706055,18.459999084472656,18.520000457763672,18.520000457763672,1264500
2016-07-26,18.469999313354492,19.0,18.389999389648438,18.760000228881836,18.760000228881836,2754200
2016-07-27,18.90999984741211,19.264999389648438,18.540000915527344,18.760000228881836,18.760000228881836,1486800
2016-07-28,18.729999542236328,19.024999618530273,18.530000686645508,18.540000915527344,18.540000915527344,849800
2016-07-29,18.350000381469727,18.549999237060547,18.110000610351562,18.309999465942383,18.309999465942383,1908100
2016-08-01,18.209999084472656,18.280000686645508,17.8799991607666,17.93000030517578,17.93000030517578,1475600
2016-08-02,18.1299991607666,18.270000457763672,17.665000915527344,18.100000381469727,18.100000381469727,1691900
2016-08-03,19.149999618530273,19.59000015258789,18.309999465942383,19.479999542236328,19.479999542236328,2546900
2016-08-04,19.610000610351562,20.1299991607666,19.59000015258789,19.93000030517578,19.93000030517578,1887700
2016-08-05,20.059999465942383,20.469999313354492,19.93000030517578,20.43000030517578,20.43000030517578,1544700
2016-08-08,20.510000228881836,20.93000030517578,20.420000076293945,20.81999969482422,20.81999969482422,1061100
2016-08-09,20.899999618530273,21.059999465942383,20.815000534057617,21.0,21.0,1323500
2016-08-10,21.049999237060547,21.327999114990234,20.93000030517578,20.979999542236328,20.979999542236328,860000
2016-08-11,21.0,21.149999618530273,20.940000534057617,21.030000686645508,21.030000686645508,650300
2016-08-12,21.030000686645508,21.030000686645508,20.399999618530273,20.469999313354492,20.469999313354492,737200
2016-08-15,20.56999969482422,20.93000030517578,20.520000457763672,20.6299991607666,20.6299991607666,859900
2016-08-16,20.729999542236328,20.729999542236328,20.459999084472656,20.540000915527344,20.540000915527344,750400
2016-08-17,20.530000686645508,20.639999389648438,20.309999465942383,20.600000381469727,20.600000381469727,745000
2016-08-18,20.649999618530273,21.290000915527344,20.649999618530273,21.290000915527344,21.290000915527344,809500
2016-08-19,21.190000534057617,21.225000381469727,20.93000030517578,21.190000534057617,21.190000534057617,623200
2016-08-22,21.0,21.049999237060547,20.719999313354492,21.030000686645508,21.030000686645508,678000
2016-08-23,21.059999465942383,21.520000457763672,21.030000686645508,21.40999984741211,21.40999984741211,858100
2016-08-24,21.34000015258789,21.5,21.280000686645508,21.399999618530273,21.399999618530273,1019500
2016-08-25,21.3700008392334,21.600000381469727,21.100000381469727,21.190000534057617,21.190000534057617,623700
2016-08-26,21.239999771118164,21.6299991607666,21.18000030517578,21.239999771118164,21.239999771118164,936900
2016-08-29,21.18000030517578,21.719999313354492,21.18000030517578,21.549999237060547,21.549999237060547,603500
2016-08-30,21.540000915527344,21.729999542236328,21.15999984741211,21.209999084472656,21.209999084472656,651600
2016-08-31,21.1299991607666,21.200000762939453,20.540000915527344,20.639999389648438,20.639999389648438,1006300
2016-09-01,20.56999969482422,20.84000015258789,20.170000076293945,20.350000381469727,20.350000381469727,848800
2016-09-02,20.600000381469727,21.09000015258789,20.56999969482422,20.75,20.75,946000
2016-09-06,20.860000610351562,20.969999313354492,20.31999969482422,20.540000915527344,20.540000915527344,622600
2016-09-07,20.559999465942383,20.68000030517578,20.299999237060547,20.440000534057617,20.440000534057617,612600
2016-09-08,20.559999465942383,21.190000534057617,20.479999542236328,21.15999984741211,21.15999984741211,587500
2016-09-09,20.899999618530273,20.979999542236328,20.219999313354492,20.219999313354492,20.219999313354492,926600
2016-09-12,19.979999542236328,21.014999389648438,19.979999542236328,20.889999389648438,20.889999389648438,938100
2016-09-13,20.5,20.709999084472656,19.920000076293945,20.0,20.0,679000
2016-09-14,19.93000030517578,20.030000686645508,19.559999465942383,19.6299991607666,19.6299991607666,590700
2016-09-15,19.579999923706055,19.579999923706055,19.350000381469727,19.469999313354492,19.469999313354492,688000
2016-09-16,19.1200008392334,19.469999313354492,19.030000686645508,19.100000381469727,19.100000381469727,991700
2016-09-19,19.3700008392334,19.639999389648438,18.985000610351562,19.040000915527344,19.040000915527344,565700
2016-09-20,19.049999237060547,19.1200008392334,18.729999542236328,18.729999542236328,18.729999542236328,395700
2016-09-21,18.90999984741211,19.274999618530273,18.850000381469727,19.229999542236328,19.229999542236328,535100
2016-09-22,19.850000381469727,19.899999618530273,19.469999313354492,19.809999465942383,19.809999465942383,572300
2016-09-23,19.65999984741211,20.139999389648438,19.59000015258789,19.959999084472656,19.959999084472656,1090100
2016-09-26,19.989999771118164,20.260000228881836,19.760000228881836,19.770000457763672,19.770000457763672,946400
2016-09-27,19.56999969482422,19.635000228881836,19.209999084472656,19.469999313354492,19.469999313354492,456600
2016-09-28,19.510000228881836,20.479999542236328,19.420000076293945,20.459999084472656,20.459999084472656,669200
2016-09-29,20.600000381469727,21.110000610351562,20.420000076293945,20.770000457763672,20.770000457763672,713800
2016-09-30,21.0,21.75,20.770000457763672,21.43000030517578,21.43000030517578,1098000
2016-10-03,21.520000457763672,21.739999771118164,21.15999984741211,21.610000610351562,21.610000610351562,974300
2016-10-04,21.65999984741211,22.010000228881836,21.110000610351562,21.239999771118164,21.239999771118164,1168600
2016-10-05,21.540000915527344,22.225000381469727,21.3799991607666,22.100000381469727,22.100000381469727,846800
2016-10-06,22.139999389648438,22.139999389648438,21.540000915527344,22.0,22.0,805100
2016-10-07,22.0,22.239999771118164,21.6299991607666,22.030000686645508,22.030000686645508,706800
2016-10-10,22.270000457763672,22.809999465942383,22.270000457763672,22.68000030517578,22.68000030517578,1234700
2016-10-11,22.520000457763672,22.520000457763672,21.93000030517578,22.450000762939453,22.450000762939453,811700
2016-10-12,22.399999618530273,22.479999542236328,22.1299991607666,22.260000228881836,22.260000228881836,513700
2016-10-13,21.920000076293945,22.09000015258789,21.399999618530273,21.780000686645508,21.780000686645508,1125500
2016-10-14,21.969999313354492,22.18000030517578,21.6299991607666,21.799999237060547,21.799999237060547,900800
2016-10-17,21.850000381469727,22.010000228881836,21.649999618530273,21.739999771118164,21.739999771118164,750400
2016-10-18,22.030000686645508,22.15999984741211,21.420000076293945,21.719999313354492,21.719999313354492,1500200
2016-10-19,21.790000915527344,22.459999084472656,21.608999252319336,22.270000457763672,22.270000457763672,549100
2016-10-20,22.079999923706055,22.3700008392334,21.8799991607666,21.93000030517578,21.93000030517578,603200
2016-10-21,21.719999313354492,22.09000015258789,21.649999618530273,21.959999084472656,21.959999084472656,559900
2016-10-24,22.110000610351562,22.264999389648438,21.725000381469727,22.059999465942383,22.059999465942383,466100
2016-10-25,22.049999237060547,22.049999237060547,21.290000915527344,21.809999465942383,21.809999465942383,585000
2016-10-26,21.579999923706055,22.1200008392334,21.549999237060547,21.6200008392334,21.6200008392334,540500
2016-10-27,21.700000762939453,21.809999465942383,21.290000915527344,21.75,21.75,1110900
2016-10-28,21.690000534057617,22.149999618530273,21.5,21.690000534057617,21.690000534057617,1808100
2016-10-31,21.719999313354492,21.899999618530273,21.334999084472656,21.559999465942383,21.559999465942383,1048500
2016-11-01,21.850000381469727,21.90999984741211,21.354999542236328,21.600000381469727,21.600000381469727,1148200
2016-11-02,20.549999237060547,20.850000381469727,18.079999923706055,18.389999389648438,18.389999389648438,3623000
2016-11-03,18.299999237060547,18.420000076293945,17.885000228881836,18.049999237060547,18.049999237060547,2555700
2016-11-04,17.8700008392334,18.309999465942383,17.8700008392334,18.059999465942383,18.059999465942383,1730700
2016-11-07,18.200000762939453,18.399999618530273,17.790000915527344,18.059999465942383,18.059999465942383,1532900
2016-11-08,17.969999313354492,18.270000457763672,17.780000686645508,18.09000015258789,18.09000015258789,875500
2016-11-09,18.059999465942383,19.420000076293945,18.027000427246094,19.049999237060547,19.049999237060547,1431400
2016-11-10,19.079999923706055,19.65999984741211,18.989999771118164,19.270000457763672,19.270000457763672,1786900
2016-11-11,19.149999618530273,19.600000381469727,18.635000228881836,18.920000076293945,18.920000076293945,1743800
2016-11-14,19.0,19.31999969482422,18.860000610351562,19.06999969482422,19.06999969482422,1400300
2016-11-15,19.15999984741211,19.75,19.09000015258789,19.68000030517578,19.68000030517578,1216300
2016-11-16,19.56999969482422,19.959999084472656,19.56999969482422,19.809999465942383,19.809999465942383,765800
2016-11-17,20.0,20.229999542236328,19.639999389648438,19.700000762939453,19.700000762939453,544800
2016-11-18,19.780000686645508,19.920000076293945,19.6200008392334,19.899999618530273,19.899999618530273,599300
2016-11-21,20.399999618530273,20.469999313354492,20.079999923706055,20.239999771118164,20.239999771118164,686600
2016-11-22,20.530000686645508,20.549999237060547,20.079999923706055,20.530000686645508,20.530000686645508,521000
2016-11-23,20.360000610351562,21.079999923706055,20.34000015258789,21.059999465942383,21.059999465942383,431600
2016-11-25,21.089000701904297,21.1200008392334,20.860000610351562,20.989999771118164,20.989999771118164,346700
2016-11-28,21.1299991607666,21.1299991607666,20.329999923706055,20.3700008392334,20.3700008392334,444300
2016-11-29,20.020000457763672,20.200000762939453,19.65999984741211,19.670000076293945,19.670000076293945,842200
2016-11-30,20.6299991607666,21.614999771118164,20.399999618530273,21.540000915527344,21.540000915527344,1690800
2016-12-01,22.0,22.034000396728516,21.489999771118164,21.90999984741211,21.90999984741211,1281700
2016-12-02,21.81999969482422,22.4950008392334,21.81999969482422,22.219999313354492,22.219999313354492,948700
2016-12-05,22.549999237060547,22.950000762939453,22.229999542236328,22.780000686645508,22.780000686645508,1045500
2016-12-06,22.610000610351562,23.145000457763672,22.350000381469727,23.110000610351562,23.110000610351562,997400
2016-12-07,23.40999984741211,23.489999771118164,22.90999984741211,23.209999084472656,23.209999084472656,1338000
2016-12-08,23.3700008392334,23.389999389648438,22.489999771118164,23.030000686645508,23.030000686645508,1177500
2016-12-09,23.149999618530273,23.459999084472656,22.690000534057617,22.920000076293945,22.920000076293945,686900
2016-12-12,23.440000534057617,23.530000686645508,22.899999618530273,22.93000030517578,22.93000030517578,1554300
2016-12-13,23.18000030517578,23.18000030517578,22.530000686645508,22.729999542236328,22.729999542236328,1371100
2016-12-14,22.549999237060547,22.729999542236328,21.850000381469727,21.889999389648438,21.889999389648438,753500
2016-12-15,21.75,22.3799991607666,21.75,22.209999084472656,22.209999084472656,980600
2016-12-16,22.25,22.40999984741211,21.920000076293945,22.010000228881836,22.010000228881836,1668900
2016-12-19,21.989999771118164,22.239999771118164,21.8700008392334,22.209999084472656,22.209999084472656,970000
2016-12-20,22.3799991607666,22.68000030517578,22.0,22.010000228881836,22.010000228881836,1875900
2016-12-21,22.040000915527344,22.350000381469727,22.040000915527344,22.139999389648438,22.139999389648438,1169800
2016-12-22,22.110000610351562,22.229999542236328,21.174999237060547,21.25,21.25,718400
2016-12-23,21.260000228881836,21.829999923706055,21.200000762939453,21.530000686645508,21.530000686645508,611400
2016-12-27,21.68000030517578,21.940000534057617,21.469999313354492,21.540000915527344,21.540000915527344,668200
2016-12-28,21.65999984741211,21.760000228881836,20.889999389648438,20.940000534057617,20.940000534057617,677400
2016-12-29,20.899999618530273,20.989999771118164,20.219999313354492,20.440000534057617,20.440000534057617,795900
2016-12-30,20.479999542236328,20.790000915527344,20.389999389648438,20.469999313354492,20.469999313354492,895900
2017-01-03,20.8700008392334,21.389999389648438,20.579999923706055,21.239999771118164,21.239999771118164,973000
2017-01-04,21.239999771118164,21.420000076293945,20.829999923706055,21.0,21.0,1146400
2017-01-05,20.959999084472656,21.0,20.420000076293945,20.850000381469727,20.850000381469727,932700
2017-01-06,20.940000534057617,21.375,20.690000534057617,21.010000228881836,21.010000228881836,1294200
2017-01-09,20.780000686645508,20.81999969482422,19.8700008392334,19.889999389648438,19.889999389648438,1280500
2017-01-10,20.600000381469727,20.84000015258789,20.06999969482422,20.600000381469727,20.600000381469727,2080900
2017-01-11,20.600000381469727,21.44499969482422,20.469999313354492,21.3799991607666,21.3799991607666,1188900
2017-01-12,21.559999465942383,21.56999969482422,20.520000457763672,20.899999618530273,20.899999618530273,765300
2017-01-13,20.889999389648438,21.309999465942383,20.790000915527344,20.989999771118164,20.989999771118164,574200
2017-01-17,21.079999923706055,21.200000762939453,20.7549991607666,21.18000030517578,21.18000030517578,613600
2017-01-18,21.110000610351562,21.729999542236328,21.110000610351562,21.68000030517578,21.68000030517578,752500
2017-01-19,21.790000915527344,21.940000534057617,21.440000534057617,21.600000381469727,21.600000381469727,1273900
2017-01-20,21.700000762939453,21.959999084472656,21.6200008392334,21.850000381469727,21.850000381469727,659300
2017-01-23,21.649999618530273,21.799999237060547,21.170000076293945,21.479999542236328,21.479999542236328,433700
2017-01-24,21.68000030517578,22.520000457763672,21.610000610351562,22.299999237060547,22.299999237060547,1005600
2017-01-25,22.329999923706055,22.860000610351562,22.209999084472656,22.6200008392334,22.6200008392334,980200
2017-01-26,22.649999618530273,22.790000915527344,22.1200008392334,22.200000762939453,22.200000762939453,511200
2017-01-27,22.110000610351562,22.260000228881836,21.940000534057617,22.09000015258789,22.09000015258789,418500
2017-01-30,21.959999084472656,21.966999053955078,21.15999984741211,21.479999542236328,21.479999542236328,837700
2017-01-31,21.520000457763672,21.6200008392334,21.100000381469727,21.260000228881836,21.260000228881836,1031500
2017-02-01,21.399999618530273,21.549999237060547,21.100000381469727,21.399999618530273,21.399999618530273,700600
2017-02-02,21.3799991607666,21.3799991607666,21.030000686645508,21.1200008392334,21.1200008392334,563100
2017-02-03,21.18000030517578,21.639999389648438,21.08099937438965,21.459999084472656,21.459999084472656,681300
2017-02-06,21.420000076293945,21.510000228881836,21.09000015258789,21.260000228881836,21.260000228881836,685100
2017-02-07,21.25,21.459999084472656,21.049999237060547,21.3700008392334,21.3700008392334,904300
2017-02-08,21.1299991607666,21.489999771118164,20.611000061035156,21.399999618530273,21.399999618530273,1030700
2017-02-09,21.530000686645508,22.479999542236328,21.530000686645508,22.399999618530273,22.399999618530273,962700
2017-02-10,22.65999984741211,22.81999969482422,22.440000534057617,22.489999771118164,22.489999771118164,1602800
2017-02-13,22.540000915527344,22.780000686645508,22.229999542236328,22.40999984741211,22.40999984741211,1116700
2017-02-14,22.329999923706055,22.71299934387207,22.200000762939453,22.670000076293945,22.670000076293945,985200
2017-02-15,21.719999313354492,22.270000457763672,20.950000762939453,20.989999771118164,20.989999771118164,1886300
2017-02-16,20.989999771118164,21.31999969482422,20.170000076293945,20.639999389648438,20.639999389648438,2003800
2017-02-17,20.479999542236328,20.510000228881836,20.170000076293945,20.360000610351562,20.360000610351562,2358900
2017-02-21,20.6200008392334,20.790000915527344,20.5,20.639999389648438,20.639999389648438,1123700
2017-02-22,20.5,20.530000686645508,19.719999313354492,19.860000610351562,19.860000610351562,956200
2017-02-23,20.149999618530273,20.170000076293945,19.549999237060547,19.600000381469727,19.600000381469727,1002100
2017-02-24,19.309999465942383,19.600000381469727,19.111000061035156,19.290000915527344,19.290000915527344,1010500
2017-02-27,19.34000015258789,19.610000610351562,19.170000076293945,19.559999465942383,19.559999465942383,1452000
2017-02-28,19.450000762939453,19.479999542236328,19.1299991607666,19.139999389648438,19.139999389648438,1199400
2017-03-01,19.450000762939453,19.7450008392334,19.389999389648438,19.5,19.5,1328000
2017-03-02,19.290000915527344,19.350000381469727,18.78499984741211,18.799999237060547,18.799999237060547,782400
2017-03-03,18.84000015258789,19.1200008392334,18.65999984741211,19.100000381469727,19.100000381469727,1165700
2017-03-06,19.0,19.18000030517578,18.709999084472656,18.940000534057617,18.940000534057617,828300
2017-03-07,18.989999771118164,19.040000915527344,18.34000015258789,18.350000381469727,18.350000381469727,891600
2017-03-08,18.440000534057617,18.530000686645508,17.950000762939453,18.079999923706055,18.079999923706055,1344000
2017-03-09,18.0,18.100000381469727,17.139999389648438,17.450000762939453,17.450000762939453,1340300
2017-03-10,17.6200008392334,17.760000228881836,17.15999984741211,17.260000228881836,17.260000228881836,1475000
2017-03-13,17.260000228881836,17.399999618530273,16.979999542236328,17.18000030517578,17.18000030517578,1150200
2017-03-14,17.020000457763672,17.020000457763672,16.350000381469727,16.6299991607666,16.6299991607666,1743800
2017-03-15,16.84000015258789,17.030000686645508,16.59000015258789,16.899999618530273,16.899999618530273,1993500
2017-03-16,17.030000686645508,17.1299991607666,16.75,16.799999237060547,16.799999237060547,1371300
2017-03-17,16.770000457763672,16.937000274658203,16.520000457763672,16.829999923706055,16.829999923706055,2420800
2017-03-20,16.790000915527344,16.850000381469727,16.459999084472656,16.489999771118164,16.489999771118164,1560800
2017-03-21,16.59000015258789,16.59000015258789,15.8149995803833,16.06999969482422,16.06999969482422,1875900
2017-03-22,15.949999809265137,16.010000228881836,15.470000267028809,15.979999542236328,15.979999542236328,1642200
2017-03-23,15.90999984741211,16.309999465942383,15.859999656677246,16.15999984741211,16.15999984741211,1938000
2017-03-24,16.200000762939453,16.360000610351562,15.930000305175781,16.0,16.0,1269500
2017-03-27,15.75,15.914999961853027,15.479999542236328,15.75,15.75,1692100
2017-03-28,15.800000190734863,16.229000091552734,15.59000015258789,16.020000457763672,16.020000457763672,1713500
2017-03-29,16.030000686645508,16.649999618530273,15.920000076293945,16.610000610351562,16.610000610351562,1417400
2017-03-30,16.670000076293945,16.700000762939453,16.299999237060547,16.610000610351562,16.610000610351562,1202800
2017-03-31,16.549999237060547,17.0,16.489999771118164,16.959999084472656,16.959999084472656,1948500
2017-04-03,17.0,17.200000762939453,16.739999771118164,16.959999084472656,16.959999084472656,1559900
2017-04-04,17.030000686645508,17.43000030517578,16.93000030517578,17.15999984741211,17.15999984741211,1978400
2017-04-05,17.34000015258789,17.76099967956543,17.079999923706055,17.190000534057617,17.190000534057617,1710200
2017-04-06,17.260000228881836,17.790000915527344,17.18000030517578,17.68000030517578,17.68000030517578,1231300
2017-04-07,17.6299991607666,17.899999618530273,17.489999771118164,17.559999465942383,17.559999465942383,1170700
2017-04-10,17.6200008392334,18.010000228881836,17.549999237060547,17.899999618530273,17.899999618530273,1197100
2017-04-11,17.8700008392334,17.8700008392334,17.399999618530273,17.719999313354492,17.719999313354492,1487400
2017-04-12,17.600000381469727,17.78499984741211,17.139999389648438,17.15999984741211,17.15999984741211,941500
2017-04-13,17.15999984741211,17.260000228881836,16.625,16.649999618530273,16.649999618530273,919200
2017-04-17,16.690000534057617,16.829999923706055,16.469999313354492,16.829999923706055,16.829999923706055,768600
2017-04-18,16.700000762939453,16.850000381469727,16.40999984741211,16.6299991607666,16.6299991607666,592000
2017-04-19,16.709999084472656,16.985000610351562,16.3799991607666,16.530000686645508,16.530000686645508,1070100
2017-04-20,16.6200008392334,16.81999969482422,16.170000076293945,16.18000030517578,16.18000030517578,3160300
2017-04-21,16.200000762939453,16.579999923706055,16.010000228881836,16.479999542236328,16.479999542236328,1265800
2017-04-24,16.739999771118164,17.110000610351562,16.690000534057617,16.850000381469727,16.850000381469727,1126100
2017-04-25,16.920000076293945,17.25,16.920000076293945,17.09000015258789,17.09000015258789,880800
2017-04-26,17.739999771118164,18.239999771118164,17.489999771118164,17.719999313354492,17.719999313354492,2064100
2017-04-27,17.530000686645508,17.59000015258789,16.889999389648438,17.06999969482422,17.06999969482422,1322700
2017-04-28,17.270000457763672,17.46500015258789,17.010000228881836,17.010000228881836,17.010000228881836,1041900
2017-05-01,17.049999237060547,17.1299991607666,16.68000030517578,16.93000030517578,16.93000030517578,1112000
2017-05-02,17.040000915527344,17.31999969482422,16.940000534057617,17.18000030517578,17.18000030517578,1592300
2017-05-03,17.15999984741211,17.719999313354492,16.610000610351562,17.600000381469727,17.600000381469727,1591400
2017-05-04,17.75,17.84000015258789,16.639999389648438,16.700000762939453,16.700000762939453,2362500
2017-05-05,16.639999389648438,17.81999969482422,16.549999237060547,17.790000915527344,17.790000915527344,1738500
2017-05-08,17.670000076293945,17.790000915527344,17.0,17.229999542236328,17.229999542236328,1751700
2017-05-09,17.239999771118164,17.649999618530273,16.81999969482422,17.610000610351562,17.610000610351562,1258500
2017-05-10,17.790000915527344,17.847999572753906,17.469999313354492,17.559999465942383,17.559999465942383,1513400
2017-05-11,17.540000915527344,17.719999313354492,17.1200008392334,17.579999923706055,17.579999923706055,1396200
2017-05-12,17.489999771118164,17.565000534057617,17.3700008392334,17.3799991607666,17.3799991607666,839300
2017-05-15,17.709999084472656,17.899999618530273,17.440000534057617,17.579999923706055,17.579999923706055,1294800
2017-05-16,17.579999923706055,17.68000030517578,17.399999618530273,17.68000030517578,17.68000030517578,1318700
2017-05-17,17.68000030517578,17.68000030517578,17.100000381469727,17.270000457763672,17.270000457763672,1563000
2017-05-18,17.15999984741211,17.729999542236328,16.950000762939453,17.56999969482422,17.56999969482422,1184400
2017-05-19,17.670000076293945,17.969999313354492,17.549999237060547,17.719999313354492,17.719999313354492,1073000
2017-05-22,17.850000381469727,18.010000228881836,17.65999984741211,17.950000762939453,17.950000762939453,750600
2017-05-23,17.989999771118164,18.040000915527344,17.700000762939453,17.90999984741211,17.90999984741211,941400
2017-05-24,18.0,18.1299991607666,17.479999542236328,17.700000762939453,17.700000762939453,989000
2017-05-25,17.639999389648438,17.788999557495117,17.15999984741211,17.219999313354492,17.219999313354492,1663300
2017-05-26,17.34000015258789,17.979999542236328,17.280000686645508,17.5,17.5,1358500
2017-05-30,17.40999984741211,17.43000030517578,16.44499969482422,16.479999542236328,16.479999542236328,1641300
2017-05-31,16.280000686645508,16.520000457763672,16.079999923706055,16.510000228881836,16.510000228881836,1157100
2017-06-01,16.59000015258789,16.90999984741211,16.329999923706055,16.809999465942383,16.809999465942383,1453500
2017-06-02,16.809999465942383,17.395000457763672,16.65999984741211,17.010000228881836,17.010000228881836,1790200
2017-06-05,16.969999313354492,17.84000015258789,16.864999771118164,17.700000762939453,17.700000762939453,1241500
2017-06-06,17.860000610351562,18.229999542236328,17.329999923706055,18.030000686645508,18.030000686645508,1603500
2017-06-07,17.940000534057617,18.165000915527344,16.670000076293945,16.729999542236328,16.729999542236328,1913200
2017-06-08,16.510000228881836,17.15999984741211,16.399999618530273,16.690000534057617,16.690000534057617,1385000
2017-06-09,16.739999771118164,17.559999465942383,16.65999984741211,17.40999984741211,17.40999984741211,1320800
2017-06-12,17.579999923706055,18.020000457763672,17.469999313354492,17.809999465942383,17.809999465942383,1090100
2017-06-13,17.84000015258789,18.3700008392334,17.65999984741211,18.219999313354492,18.219999313354492,927800
2017-06-14,18.15999984741211,18.239999771118164,17.1299991607666,17.1299991607666,17.1299991607666,1232900
2017-06-15,17.0,17.489999771118164,16.989999771118164,17.360000610351562,17.360000610351562,1584800
2017-06-16,17.3799991607666,17.3799991607666,16.8700008392334,17.229999542236328,17.229999542236328,1808400
2017-06-19,17.299999237060547,17.639999389648438,16.959999084472656,17.40999984741211,17.40999984741211,1330600
2017-06-20,17.049999237060547,17.200000762939453,16.600000381469727,16.899999618530273,16.899999618530273,1522200
2017-06-21,16.450000762939453,16.549999237060547,14.979999542236328,15.050000190734863,15.050000190734863,3447000
2017-06-22,15.100000381469727,15.510000228881836,15.0,15.239999771118164,15.239999771118164,2067000
2017-06-23,15.300000190734863,15.479999542236328,15.029999732971191,15.380000114440918,15.380000114440918,2115400
2017-06-26,15.369999885559082,15.609999656677246,15.220000267028809,15.430000305175781,15.430000305175781,1495900
2017-06-27,15.460000038146973,15.789999961853027,15.399999618530273,15.460000038146973,15.460000038146973,930100
2017-06-28,15.5600004196167,15.914999961853027,15.489999771118164,15.489999771118164,15.489999771118164,1215000
2017-06-29,15.579999923706055,15.994999885559082,15.489999771118164,15.619999885559082,15.619999885559082,1133300
2017-06-30,15.680000305175781,16.219999313354492,15.28499984741211,16.079999923706055,16.079999923706055,1607500
2017-07-03,16.200000762939453,16.614999771118164,16.100000381469727,16.110000610351562,16.110000610351562,768500
2017-07-05,16.06999969482422,16.075000762939453,15.630000114440918,15.979999542236328,15.979999542236328,1616300
2017-07-06,16.0,16.25,15.729999542236328,15.779999732971191,15.779999732971191,1429200
2017-07-07,15.649999618530273,15.6899995803833,14.960000038146973,15.350000381469727,15.350000381469727,1226400
2017-07-10,15.1899995803833,15.824999809265137,15.029999732971191,15.760000228881836,15.760000228881836,1306500
2017-07-11,15.699999809265137,15.75,15.260000228881836,15.710000038146973,15.710000038146973,1245800
2017-07-12,16.0,16.170000076293945,15.539999961853027,15.600000381469727,15.600000381469727,716100
2017-07-13,15.619999885559082,15.960000038146973,15.59000015258789,15.949999809265137,15.949999809265137,624300
2017-07-14,15.949999809265137,16.1299991607666,15.803999900817871,16.0,16.0,730200
2017-07-17,15.949999809265137,16.43000030517578,15.859999656677246,16.079999923706055,16.079999923706055,1391100
2017-07-18,16.110000610351562,16.270000457763672,15.8100004196167,16.06999969482422,16.06999969482422,1019300
2017-07-19,16.06999969482422,16.684999465942383,16.06999969482422,16.56999969482422,16.56999969482422,1289000
2017-07-20,16.700000762939453,16.700000762939453,16.25,16.420000076293945,16.420000076293945,835700
2017-07-21,16.540000915527344,16.540000915527344,15.859999656677246,15.9399995803833,15.9399995803833,874000
2017-07-24,15.989999771118164,16.170000076293945,15.760000228881836,15.880000114440918,15.880000114440918,706500
2017-07-25,16.110000610351562,16.670000076293945,16.0049991607666,16.299999237060547,16.299999237060547,1334700
2017-07-26,16.389999389648438,16.530000686645508,16.040000915527344,16.1200008392334,16.1200008392334,1107200
2017-07-27,16.139999389648438,16.239999771118164,15.90999984741211,16.100000381469727,16.100000381469727,930900
2017-07-28,16.059999465942383,16.399999618530273,15.873000144958496,16.049999237060547,16.049999237060547,897600
2017-07-31,16.049999237060547,16.15999984741211,15.835000038146973,15.930000305175781,15.930000305175781,1104600
2017-08-01,15.930000305175781,16.0,15.609999656677246,15.739999771118164,15.739999771118164,1025900
2017-08-02,14.75,15.239999771118164,13.300000190734863,13.369999885559082,13.369999885559082,3242400
2017-08-03,13.399999618530273,14.069999694824219,13.109999656677246,13.1899995803833,13.1899995803833,2279200
2017-08-04,13.220000267028809,13.515000343322754,12.8100004196167,13.489999771118164,13.489999771118164,2142900
2017-08-07,13.420000076293945,13.470000267028809,12.90999984741211,13.079999923706055,13.079999923706055,1218300
2017-08-08,13.029999732971191,13.130000114440918,12.800000190734863,12.930000305175781,12.930000305175781,1207300
2017-08-09,12.920000076293945,12.920000076293945,12.420000076293945,12.579999923706055,12.579999923706055,1976300
2017-08-10,12.619999885559082,12.84000015258789,12.3149995803833,12.369999885559082,12.369999885559082,1377700
2017-08-11,12.270000457763672,12.470000267028809,12.050000190734863,12.170000076293945,12.170000076293945,1059800
2017-08-14,12.210000038146973,12.390000343322754,12.170000076293945,12.229999542236328,12.229999542236328,1125500
2017-08-15,12.239999771118164,12.25,11.850000381469727,12.119999885559082,12.119999885559082,1921100
2017-08-16,12.15999984741211,12.319999694824219,11.819999694824219,11.829999923706055,11.829999923706055,1306900
2017-08-17,11.770000457763672,11.899999618530273,11.649999618530273,11.710000038146973,11.710000038146973,1009000
2017-08-18,11.649999618530273,11.890000343322754,11.625,11.869999885559082,11.869999885559082,1334000
2017-08-21,11.819999694824219,11.899999618530273,11.470000267028809,11.520000457763672,11.520000457763672,867400
2017-08-22,11.5600004196167,11.880000114440918,11.520000457763672,11.6899995803833,11.6899995803833,1407400
2017-08-23,11.609999656677246,11.90999984741211,11.579999923706055,11.90999984741211,11.90999984741211,753900
2017-08-24,11.880000114440918,11.979999542236328,11.569999694824219,11.569999694824219,11.569999694824219,789800
2017-08-25,11.619999885559082,11.84000015258789,11.619999885559082,11.8100004196167,11.8100004196167,594900
2017-08-28,11.84000015258789,11.927000045776367,11.5,11.5600004196167,11.5600004196167,883400
2017-08-29,11.449999809265137,11.640000343322754,11.359999656677246,11.489999771118164,11.489999771118164,841900
2017-08-30,11.460000038146973,11.5600004196167,11.3100004196167,11.510000228881836,11.510000228881836,901500
2017-08-31,11.600000381469727,11.75,11.489999771118164,11.65999984741211,11.65999984741211,1078700
2017-09-01,11.699999809265137,11.9399995803833,11.619999885559082,11.859999656677246,11.859999656677246,689800
2017-09-05,11.970000267028809,12.354999542236328,11.970000267028809,12.069999694824219,12.069999694824219,1034400
2017-09-06,12.170000076293945,12.225000381469727,12.0,12.079999923706055,12.079999923706055,1138500
2017-09-07,12.069999694824219,12.229999542236328,12.0,12.15999984741211,12.15999984741211,1231000
2017-09-08,12.130000114440918,12.210000038146973,11.9399995803833,12.109999656677246,12.109999656677246,1257900
2017-09-11,12.170000076293945,12.649999618530273,12.170000076293945,12.59000015258789,12.59000015258789,1176700
2017-09-12,12.569999694824219,12.819999694824219,12.460000038146973,12.510000228881836,12.510000228881836,1320600
2017-09-13,12.539999961853027,12.829999923706055,12.539999961853027,12.75,12.75,1329000
2017-09-14,12.779999732971191,13.180000305175781,12.779999732971191,13.029999732971191,13.029999732971191,1378200
2017-09-15,13.029999732971191,13.029999732971191,12.585000038146973,12.619999885559082,12.619999885559082,1510400
2017-09-18,12.609999656677246,12.84000015258789,12.604999542236328,12.729999542236328,12.729999542236328,1303300
2017-09-19,12.710000038146973,12.90999984741211,12.510000228881836,12.800000190734863,12.800000190734863,1507500
2017-09-20,12.819999694824219,13.074999809265137,12.760000228881836,12.880000114440918,12.880000114440918,1691000
2017-09-21,12.890000343322754,13.09000015258789,12.71500015258789,12.979999542236328,12.979999542236328,1291700
2017-09-22,12.9399995803833,13.039999961853027,12.90999984741211,12.989999771118164,12.989999771118164,1454300
2017-09-25,13.119999885559082,13.541000366210938,13.0600004196167,13.260000228881836,13.260000228881836,1590500
2017-09-26,13.109999656677246,13.260000228881836,13.029999732971191,13.199999809265137,13.199999809265137,1627100
2017-09-27,13.279999732971191,13.579999923706055,13.069999694824219,13.510000228881836,13.510000228881836,1995600
2017-09-28,13.520000457763672,13.664999961853027,13.420000076293945,13.649999618530273,13.649999618530273,2114100
2017-09-29,13.569999694824219,13.819999694824219,13.5,13.8100004196167,13.8100004196167,1972800
2017-10-02,13.720000267028809,13.90999984741211,13.569999694824219,13.829999923706055,13.829999923706055,1832000
2017-10-03,13.84000015258789,13.989999771118164,13.739999771118164,13.989999771118164,13.989999771118164,1631800
2017-10-04,14.0,14.0,13.4399995803833,13.59000015258789,13.59000015258789,1302100
2017-10-05,13.619999885559082,13.670000076293945,13.350000381469727,13.609999656677246,13.609999656677246,1253600
2017-10-06,13.479999542236328,13.569999694824219,13.229999542236328,13.329999923706055,13.329999923706055,1294400
2017-10-09,13.380000114440918,13.770000457763672,13.329999923706055,13.739999771118164,13.739999771118164,808600
2017-10-10,13.850000381469727,13.9399995803833,13.255000114440918,13.289999961853027,13.289999961853027,1110100
2017-10-11,13.300000190734863,13.354999542236328,13.069999694824219,13.300000190734863,13.300000190734863,972300
2017-10-12,13.220000267028809,13.34000015258789,12.904999732971191,13.1899995803833,13.1899995803833,912700
2017-10-13,12.619999885559082,13.229999542236328,12.529999732971191,13.0600004196167,13.0600004196167,1450900
2017-10-16,13.119999885559082,13.199999809265137,13.020000457763672,13.0600004196167,13.0600004196167,872400
2017-10-17,13.09000015258789,13.359999656677246,13.020000457763672,13.260000228881836,13.260000228881836,1091500
2017-10-18,13.229999542236328,13.390000343322754,12.850000381469727,12.9399995803833,12.9399995803833,1005700
2017-10-19,12.899999618530273,13.270000457763672,12.625,12.680000305175781,12.680000305175781,1829600
2017-10-20,12.789999961853027,12.880000114440918,12.625,12.670000076293945,12.670000076293945,908700
2017-10-23,12.699999809265137,12.710000038146973,12.300000190734863,12.300000190734863,12.300000190734863,1241000
2017-10-24,12.3100004196167,12.5,12.1899995803833,12.25,12.25,1533700
2017-10-25,12.220000267028809,12.265000343322754,11.949999809265137,12.149999618530273,12.149999618530273,1419200
2017-10-26,12.1899995803833,12.220000267028809,11.9399995803833,12.0600004196167,12.0600004196167,1008100
2017-10-27,12.020000457763672,12.079999923706055,11.835000038146973,11.989999771118164,11.989999771118164,1227600
2017-10-30,11.989999771118164,12.34000015258789,11.899999618530273,12.3100004196167,12.3100004196167,1725500
2017-10-31,12.420000076293945,12.600000381469727,12.1899995803833,12.520000457763672,12.520000457763672,1294700
2017-11-01,12.5,12.539999961853027,10.652999877929688,11.149999618530273,11.149999618530273,6198000
2017-11-02,10.880000114440918,11.100000381469727,10.539999961853027,11.079999923706055,11.079999923706055,3409500
2017-11-03,10.789999961853027,11.0649995803833,10.699999809265137,10.75,10.75,2106100
2017-11-06,10.800000190734863,11.569999694824219,10.75,11.420000076293945,11.420000076293945,2059800
2017-11-07,11.470000267028809,11.470000267028809,10.84000015258789,11.260000228881836,11.260000228881836,1697800
2017-11-08,11.130000114440918,11.229999542236328,10.90999984741211,10.920000076293945,10.920000076293945,1372800
2017-11-09,10.850000381469727,11.069999694824219,10.770000457763672,10.819999694824219,10.819999694824219,1123500
2017-11-10,10.779999732971191,11.00100040435791,10.65999984741211,10.699999809265137,10.699999809265137,1133700
2017-11-13,10.670000076293945,11.0600004196167,10.654999732971191,10.800000190734863,10.800000190734863,1687000
2017-11-14,10.699999809265137,10.75,10.359999656677246,10.40999984741211,10.40999984741211,1138400
2017-11-15,10.319999694824219,10.470000267028809,10.140000343322754,10.25,10.25,1636700
2017-11-16,10.210000038146973,10.359999656677246,9.859999656677246,10.1899995803833,10.1899995803833,1754800
2017-11-17,10.140000343322754,10.449999809265137,10.140000343322754,10.25,10.25,1121300
2017-11-20,10.220000267028809,10.236000061035156,9.75,9.880000114440918,9.880000114440918,1862500
2017-11-21,9.960000038146973,10.510000228881836,9.960000038146973,10.470000267028809,10.470000267028809,1656700
2017-11-22,10.539999961853027,10.729999542236328,10.375,10.449999809265137,10.449999809265137,991100
2017-11-24,10.510000228881836,10.529999732971191,10.25,10.260000228881836,10.260000228881836,426100
2017-11-27,10.180000305175781,10.359999656677246,9.989999771118164,10.010000228881836,10.010000228881836,1411600
2017-11-28,10.039999961853027,10.279999732971191,9.949999809265137,10.260000228881836,10.260000228881836,1110700
2017-11-29,10.220000267028809,10.489999771118164,10.180000305175781,10.3100004196167,10.3100004196167,1313300
2017-11-30,10.4399995803833,10.649999618530273,10.260000228881836,10.319999694824219,10.319999694824219,1261100
2017-12-01,10.4399995803833,10.710000038146973,10.34000015258789,10.59000015258789,10.59000015258789,1400500
2017-12-04,10.600000381469727,11.114999771118164,10.600000381469727,11.020000457763672,11.020000457763672,1326400
2017-12-05,11.029999732971191,11.09000015258789,10.694999694824219,10.720000267028809,10.720000267028809,1402500
2017-12-06,10.65999984741211,10.829999923706055,10.015000343322754,10.100000381469727,10.100000381469727,1276800
2017-12-07,9.989999771118164,10.229999542236328,9.930000305175781,9.979999542236328,9.979999542236328,1253700
2017-12-08,10.039999961853027,10.390000343322754,9.970000267028809,10.029999732971191,10.029999732971191,1150900
2017-12-11,9.979999542236328,10.579999923706055,9.890000343322754,10.569999694824219,10.569999694824219,1395800
2017-12-12,10.600000381469727,10.729999542236328,10.510000228881836,10.520000457763672,10.520000457763672,794200
2017-12-13,10.520000457763672,10.789999961853027,10.229999542236328,10.260000228881836,10.260000228881836,945300
2017-12-14,10.180000305175781,10.470000267028809,10.149999618530273,10.279999732971191,10.279999732971191,1647100
2017-12-15,10.34000015258789,10.449999809265137,10.180000305175781,10.279999732971191,10.279999732971191,3406300
2017-12-18,10.329999923706055,10.890000343322754,10.329999923706055,10.789999961853027,10.789999961853027,1275500
2017-12-19,10.819999694824219,10.895000457763672,10.295000076293945,10.430000305175781,10.430000305175781,1294900
2017-12-20,10.479999542236328,10.8100004196167,10.430000305175781,10.739999771118164,10.739999771118164,923400
2017-12-21,10.720000267028809,11.210000038146973,10.630000114440918,11.109999656677246,11.109999656677246,873800
2017-12-22,11.050000190734863,11.130000114440918,10.87600040435791,11.0,11.0,843900
2017-12-26,10.970000267028809,11.25,10.899999618530273,11.220000267028809,11.220000267028809,609900
2017-12-27,11.300000190734863,11.300000190734863,11.010000228881836,11.0600004196167,11.0600004196167,607500
2017-12-28,11.100000381469727,11.100000381469727,10.8100004196167,10.979999542236328,10.979999542236328,819800
2017-12-29,10.979999542236328,11.229999542236328,10.84000015258789,11.029999732971191,11.029999732971191,1147400
2018-01-02,11.050000190734863,11.6899995803833,11.050000190734863,11.550000190734863,11.550000190734863,1426300
2018-01-03,11.59000015258789,11.670000076293945,11.28499984741211,11.449999809265137,11.449999809265137,1117300
2018-01-04,11.529999732971191,11.850000381469727,11.380000114440918,11.720000267028809,11.720000267028809,836100
2018-01-05,11.739999771118164,11.789999961853027,11.5600004196167,11.720000267028809,11.720000267028809,803100
2018-01-08,11.59000015258789,12.350000381469727,11.59000015258789,12.300000190734863,12.300000190734863,1691900
2018-01-09,12.300000190734863,12.479999542236328,11.920000076293945,11.979999542236328,11.979999542236328,1305500
2018-01-10,12.050000190734863,12.050000190734863,11.800000190734863,11.850000381469727,11.850000381469727,977100
2018-01-11,12.0,12.520000457763672,11.800000190734863,12.359999656677246,12.359999656677246,1481100
2018-01-12,12.329999923706055,12.890000343322754,12.210000038146973,12.880000114440918,12.880000114440918,1479500
2018-01-16,13.0,13.0600004196167,12.690999984741211,12.84000015258789,12.84000015258789,2353300
2018-01-17,12.84000015258789,12.899999618530273,12.329999923706055,12.40999984741211,12.40999984741211,1034900
2018-01-18,12.420000076293945,12.489999771118164,12.15999984741211,12.180000305175781,12.180000305175781,901200
2018-01-19,12.130000114440918,12.4399995803833,12.130000114440918,12.390000343322754,12.390000343322754,887400
2018-01-22,12.470000267028809,12.949999809265137,12.375,12.720000267028809,12.720000267028809,1293200
2018-01-23,12.720000267028809,12.800000190734863,12.369999885559082,12.6899995803833,12.6899995803833,1083000
2018-01-24,12.680000305175781,12.9399995803833,12.40999984741211,12.579999923706055,12.579999923706055,2516500
2018-01-25,12.670000076293945,12.670000076293945,12.0600004196167,12.220000267028809,12.220000267028809,1444100
2018-01-26,12.260000228881836,12.520000457763672,12.020000457763672,12.510000228881836,12.510000228881836,855300
2018-01-29,12.399999618530273,12.595000267028809,11.989999771118164,12.0,12.0,1855200
2018-01-30,11.859999656677246,11.960000038146973,11.479999542236328,11.6899995803833,11.6899995803833,1720500
2018-01-31,11.729999542236328,11.90999984741211,11.5600004196167,11.789999961853027,11.789999961853027,1010900
2018-02-01,11.800000190734863,11.890000343322754,11.449999809265137,11.640000343322754,11.640000343322754,1217100
2018-02-02,11.489999771118164,11.489999771118164,10.9399995803833,10.970000267028809,10.970000267028809,1291700
2018-02-05,10.800000190734863,11.0600004196167,10.25,10.279999732971191,10.279999732971191,1665500
2018-02-06,10.050000190734863,10.460000038146973,9.640000343322754,10.289999961853027,10.289999961853027,2051800
2018-02-07,10.260000228881836,10.539999961853027,10.029999732971191,10.1899995803833,10.1899995803833,1550800
2018-02-08,10.25,10.3149995803833,9.760000228881836,9.84000015258789,9.84000015258789,1965600
2018-02-09,9.970000267028809,10.032999992370605,9.119000434875488,9.40999984741211,9.40999984741211,3849100
2018-02-12,9.5,9.895000457763672,9.329999923706055,9.869999885559082,9.869999885559082,2714400
2018-02-13,9.779999732971191,9.84000015258789,9.579999923706055,9.75,9.75,1931400
2018-02-14,9.680000305175781,9.989999771118164,9.449999809265137,9.800000190734863,9.800000190734863,3346000
2018-02-15,9.949999809265137,10.25,9.479999542236328,10.239999771118164,10.239999771118164,3384200
2018-02-16,10.170000076293945,10.25,9.710000038146973,9.75,9.75,2469300
2018-02-20,9.729999542236328,10.039999961853027,9.729999542236328,9.899999618530273,9.899999618530273,1840400
2018-02-21,9.90999984741211,10.104999542236328,9.720000267028809,9.720000267028809,9.720000267028809,1363100
2018-02-22,9.8100004196167,10.364999771118164,9.8100004196167,10.050000190734863,10.050000190734863,1278500
2018-02-23,10.119999885559082,10.180000305175781,9.949999809265137,10.15999984741211,10.15999984741211,788200
2018-02-26,10.180000305175781,10.350000381469727,10.119999885559082,10.289999961853027,10.289999961853027,823200
2018-02-27,10.210000038146973,10.300000190734863,9.6899995803833,9.699999809265137,9.699999809265137,891400
2018-02-28,9.770000457763672,9.770000457763672,9.479999542236328,9.489999771118164,9.489999771118164,1285400
2018-03-01,9.449999809265137,9.680000305175781,9.420000076293945,9.5,9.5,1323600
2018-03-02,9.369999885559082,10.005000114440918,9.279999732971191,9.949999809265137,9.949999809265137,1981400
2018-03-05,9.84000015258789,10.675000190734863,9.84000015258789,10.4399995803833,10.4399995803833,2174700
2018-03-06,10.5,10.800000190734863,10.364999771118164,10.550000190734863,10.550000190734863,1433300
2018-03-07,10.850000381469727,10.850000381469727,10.399999618530273,10.520000457763672,10.520000457763672,1414600
2018-03-08,10.529999732971191,10.59000015258789,10.199999809265137,10.369999885559082,10.369999885559082,934600
2018-03-09,10.4399995803833,11.055000305175781,10.369999885559082,10.819999694824219,10.819999694824219,1570000
2018-03-12,10.789999961853027,11.029999732971191,10.5,10.899999618530273,10.899999618530273,1549700
2018-03-13,10.949999809265137,10.989999771118164,10.630000114440918,10.75,10.75,1132700
2018-03-14,10.869999885559082,10.90999984741211,10.5600004196167,10.680000305175781,10.680000305175781,792200
2018-03-15,10.699999809265137,10.699999809265137,9.895000457763672,10.130000114440918,10.130000114440918,2031700
2018-03-16,10.1899995803833,10.829999923706055,10.095000267028809,10.430000305175781,10.430000305175781,2757400
2018-03-19,10.390000343322754,10.539999961853027,10.199999809265137,10.430000305175781,10.430000305175781,1235100
2018-03-20,10.479999542236328,10.604999542236328,10.239999771118164,10.380000114440918,10.380000114440918,816400
2018-03-21,10.430000305175781,11.100000381469727,10.350000381469727,11.0600004196167,11.0600004196167,1075800
2018-03-22,10.890000343322754,11.220000267028809,10.770000457763672,10.869999885559082,10.869999885559082,2286300
2018-03-23,10.9399995803833,10.9399995803833,10.09000015258789,10.140000343322754,10.140000343322754,2024600
2018-03-26,10.3100004196167,10.359999656677246,9.670000076293945,10.350000381469727,10.350000381469727,1793600
2018-03-27,10.34000015258789,10.479999542236328,9.84000015258789,9.920000076293945,9.920000076293945,796300
2018-03-28,9.90999984741211,10.0600004196167,9.760000228881836,9.819999694824219,9.819999694824219,900500
2018-03-29,9.880000114440918,10.279999732971191,9.829999923706055,10.220000267028809,10.220000267028809,785100
2018-04-02,10.130000114440918,10.34000015258789,9.8100004196167,10.069999694824219,10.069999694824219,1144800
2018-04-03,10.100000381469727,10.609999656677246,10.020000457763672,10.529999732971191,10.529999732971191,1827100
2018-04-04,10.270000457763672,10.729999542236328,10.229999542236328,10.699999809265137,10.699999809265137,1223500
2018-04-05,10.789999961853027,11.21500015258789,10.789999961853027,11.010000228881836,11.010000228881836,1179800
2018-04-06,10.930000305175781,11.119999885559082,10.720000267028809,10.850000381469727,10.850000381469727,1196800
2018-04-09,11.0,11.0,10.600000381469727,10.600000381469727,10.600000381469727,968900
2018-04-10,10.819999694824219,11.380000114440918,10.789999961853027,11.220000267028809,11.220000267028809,1523500
2018-04-11,11.199999809265137,11.489999771118164,11.079999923706055,11.4399995803833,11.4399995803833,953700
2018-04-12,11.5,11.710000038146973,11.220000267028809,11.600000381469727,11.600000381469727,1172800
2018-04-13,11.739999771118164,11.779999732971191,11.520000457763672,11.569999694824219,11.569999694824219,677300
2018-04-16,11.59000015258789,11.789999961853027,11.420000076293945,11.670000076293945,11.670000076293945,2382700
2018-04-17,11.779999732971191,12.130000114440918,11.699999809265137,11.979999542236328,11.979999542236328,1233100
2018-04-18,12.130000114440918,12.444999694824219,11.880000114440918,12.25,12.25,1384300
2018-04-19,12.220000267028809,12.390000343322754,11.9350004196167,12.260000228881836,12.260000228881836,1661800
2018-04-20,12.199999809265137,12.220000267028809,11.920000076293945,12.039999961853027,12.039999961853027,1402100
2018-04-23,12.020000457763672,12.15999984741211,11.9399995803833,12.069999694824219,12.069999694824219,1164100
2018-04-24,12.180000305175781,12.34000015258789,11.779999732971191,11.850000381469727,11.850000381469727,2122000
2018-04-25,11.779999732971191,12.050000190734863,11.710000038146973,11.949999809265137,11.949999809265137,1198900
2018-04-26,12.0600004196167,12.09000015258789,11.720000267028809,12.029999732971191,12.029999732971191,886800
2018-04-27,12.010000228881836,12.1899995803833,11.9399995803833,12.119999885559082,12.119999885559082,991300
2018-04-30,12.199999809265137,12.369999885559082,12.100000381469727,12.130000114440918,12.130000114440918,1617800
2018-05-01,12.0,12.210000038146973,11.789999961853027,12.210000038146973,12.210000038146973,1384800
2018-05-02,12.460000038146973,14.180000305175781,12.460000038146973,13.84000015258789,13.84000015258789,4984100
2018-05-03,13.859999656677246,14.069000244140625,13.029999732971191,13.819999694824219,13.819999694824219,1944100
2018-05-04,13.779999732971191,14.529999732971191,13.765000343322754,14.180000305175781,14.180000305175781,1881500
2018-05-07,14.229999542236328,14.460000038146973,14.0,14.1899995803833,14.1899995803833,1861000
2018-05-08,14.149999618530273,14.395000457763672,13.96500015258789,14.270000457763672,14.270000457763672,1525500
2018-05-09,14.390000343322754,14.675000190734863,14.279999732971191,14.369999885559082,14.369999885559082,1262400
2018-05-10,14.4399995803833,14.789999961853027,14.399999618530273,14.619999885559082,14.619999885559082,1092600
2018-05-11,14.59000015258789,14.829999923706055,14.489999771118164,14.729999542236328,14.729999542236328,752800
2018-05-14,14.779999732971191,14.899999618530273,14.5,14.539999961853027,14.539999961853027,1571800
2018-05-15,14.380000114440918,14.649999618530273,14.369999885559082,14.600000381469727,14.600000381469727,1079700
2018-05-16,14.619999885559082,15.109999656677246,14.5600004196167,14.819999694824219,14.819999694824219,3869400
2018-05-17,14.880000114440918,15.085000038146973,14.720000267028809,14.90999984741211,14.90999984741211,1248900
2018-05-18,14.970000267028809,15.289999961853027,14.859999656677246,15.220000267028809,15.220000267028809,2152600
2018-05-21,15.3100004196167,15.529999732971191,15.300000190734863,15.390000343322754,15.390000343322754,4009700
2018-05-22,15.420000076293945,15.510000228881836,14.569999694824219,14.800000190734863,14.800000190734863,1525200
2018-05-23,14.710000038146973,14.779999732971191,14.430000305175781,14.59000015258789,14.59000015258789,1110600
2018-05-24,14.479999542236328,14.829999923706055,14.4399995803833,14.59000015258789,14.59000015258789,1522600
2018-05-25,14.289999961853027,14.430000305175781,14.09000015258789,14.220000267028809,14.220000267028809,1198100
2018-05-29,14.050000190734863,14.33899974822998,13.930000305175781,14.1899995803833,14.1899995803833,1603100
2018-05-30,14.300000190734863,14.595000267028809,14.25,14.449999809265137,14.449999809265137,1273800
2018-05-31,14.319999694824219,14.385000228881836,13.970000267028809,14.0600004196167,14.0600004196167,957400
2018-06-01,14.1899995803833,14.1899995803833,13.770000457763672,13.789999961853027,13.789999961853027,1830500
2018-06-04,13.890000343322754,14.0,13.609999656677246,13.75,13.75,1389200
2018-06-05,13.770000457763672,13.970000267028809,13.640000343322754,13.800000190734863,13.800000190734863,1204000
2018-06-06,13.84000015258789,13.904999732971191,13.579999923706055,13.880000114440918,13.880000114440918,777200
2018-06-07,13.9399995803833,14.140000343322754,13.829999923706055,14.069999694824219,14.069999694824219,728100
2018-06-08,14.079999923706055,14.3100004196167,13.59000015258789,13.8100004196167,13.8100004196167,895700
2018-06-11,13.770000457763672,13.789999961853027,13.539999961853027,13.710000038146973,13.710000038146973,1074900
2018-06-12,13.760000228881836,13.989999771118164,13.680000305175781,13.75,13.75,543900
2018-06-13,13.739999771118164,13.920000076293945,13.479999542236328,13.65999984741211,13.65999984741211,705800
2018-06-14,13.75,13.75,13.364999771118164,13.520000457763672,13.520000457763672,1207000
2018-06-15,13.40999984741211,13.59000015258789,13.210000038146973,13.5,13.5,1829700
2018-06-18,13.369999885559082,14.039999961853027,12.970000267028809,13.930000305175781,13.930000305175781,1123900
2018-06-19,13.760000228881836,13.840999603271484,13.489999771118164,13.760000228881836,13.760000228881836,889400
2018-06-20,13.8100004196167,13.829999923706055,13.600000381469727,13.770000457763672,13.770000457763672,783500
2018-06-21,13.739999771118164,13.789999961853027,13.0,13.199999809265137,13.199999809265137,1461400
2018-06-22,13.609999656677246,13.8100004196167,13.270000457763672,13.399999618530273,13.399999618530273,1653300
2018-06-25,13.279999732971191,13.319999694824219,12.970000267028809,13.09000015258789,13.09000015258789,1135800
2018-06-26,13.119999885559082,13.305000305175781,12.9399995803833,13.25,13.25,620800
2018-06-27,13.34000015258789,13.699999809265137,13.220000267028809,13.239999771118164,13.239999771118164,761400
2018-06-28,13.239999771118164,13.239999771118164,12.979999542236328,13.220000267028809,13.220000267028809,917700
2018-06-29,13.380000114440918,13.800000190734863,13.180000305175781,13.329999923706055,13.329999923706055,878900
2018-07-02,13.180000305175781,13.305000305175781,12.989999771118164,13.229999542236328,13.229999542236328,827100
2018-07-03,13.390000343322754,13.619999885559082,13.3100004196167,13.350000381469727,13.350000381469727,400100
2018-07-05,13.510000228881836,13.8100004196167,13.350000381469727,13.800000190734863,13.800000190734863,1234100
2018-07-06,13.760000228881836,13.9399995803833,13.460000038146973,13.779999732971191,13.779999732971191,885900
2018-07-09,13.90999984741211,14.270000457763672,13.800000190734863,14.199999809265137,14.199999809265137,1584600
2018-07-10,14.300000190734863,14.5600004196167,14.140000343322754,14.270000457763672,14.270000457763672,758500
2018-07-11,14.149999618530273,14.319999694824219,13.930000305175781,14.0,14.0,588300
2018-07-12,14.180000305175781,14.239999771118164,13.8100004196167,14.100000381469727,14.100000381469727,618000
2018-07-13,14.199999809265137,14.720000267028809,14.1850004196167,14.489999771118164,14.489999771118164,599200
2018-07-16,14.270000457763672,14.3100004196167,13.869999885559082,13.949999809265137,13.949999809265137,833100
2018-07-17,13.9399995803833,14.095000267028809,13.880000114440918,14.079999923706055,14.079999923706055,737600
2018-07-18,14.09000015258789,14.239999771118164,13.739999771118164,14.140000343322754,14.140000343322754,703400
2018-07-19,14.039999961853027,14.420000076293945,14.039999961853027,14.390000343322754,14.390000343322754,509600
2018-07-20,14.430000305175781,14.460000038146973,14.09000015258789,14.170000076293945,14.170000076293945,966000
2018-07-23,14.130000114440918,14.258000373840332,13.920000076293945,14.130000114440918,14.130000114440918,1110900
2018-07-24,14.260000228881836,14.479999542236328,13.899999618530273,13.949999809265137,13.949999809265137,1515800
2018-07-25,13.9399995803833,14.229999542236328,13.850000381469727,14.210000038146973,14.210000038146973,1001400
2018-07-26,14.260000228881836,14.59000015258789,14.210000038146973,14.40999984741211,14.40999984741211,1086900
2018-07-27,14.4399995803833,14.4399995803833,14.045000076293945,14.15999984741211,14.15999984741211,969200
2018-07-30,14.25,14.779999732971191,14.180000305175781,14.510000228881836,14.510000228881836,1077800
2018-07-31,14.59000015258789,15.069999694824219,14.449999809265137,14.949999809265137,14.949999809265137,1117900
2018-08-01,14.869999885559082,14.890000343322754,14.454999923706055,14.710000038146973,14.710000038146973,1600700
2018-08-02,16.1299991607666,17.18000030517578,14.960000038146973,16.829999923706055,16.829999923706055,2692900
2018-08-03,17.440000534057617,18.559999465942383,17.239999771118164,17.309999465942383,17.309999465942383,2796400
2018-08-06,17.3700008392334,17.655000686645508,17.030000686645508,17.219999313354492,17.219999313354492,2648400
2018-08-07,17.329999923706055,17.559999465942383,17.079999923706055,17.3700008392334,17.3700008392334,1647600
2018-08-08,17.200000762939453,17.25,16.735000610351562,17.049999237060547,17.049999237060547,1569400
2018-08-09,17.09000015258789,17.360000610351562,16.979999542236328,17.049999237060547,17.049999237060547,2177800
2018-08-10,17.09000015258789,17.309999465942383,16.780000686645508,17.25,17.25,2267900
2018-08-13,17.229999542236328,17.389999389648438,16.940000534057617,16.950000762939453,16.950000762939453,1409900
2018-08-14,17.100000381469727,17.389999389648438,17.100000381469727,17.229999542236328,17.229999542236328,989800
2018-08-15,17.059999465942383,17.15999984741211,16.479999542236328,16.84000015258789,16.84000015258789,1597000
2018-08-16,16.920000076293945,17.0,16.735000610351562,16.760000228881836,16.760000228881836,933800
2018-08-17,16.709999084472656,16.93000030517578,16.610000610351562,16.670000076293945,16.670000076293945,1211300
2018-08-20,16.690000534057617,16.899999618530273,16.559999465942383,16.889999389648438,16.889999389648438,1091100
2018-08-21,16.979999542236328,17.360000610351562,16.979999542236328,17.309999465942383,17.309999465942383,1218800
2018-08-22,17.389999389648438,17.549999237060547,17.1200008392334,17.440000534057617,17.440000534057617,896100
2018-08-23,17.420000076293945,17.420000076293945,17.079999923706055,17.100000381469727,17.100000381469727,1365300
2018-08-24,17.209999084472656,17.56999969482422,17.049999237060547,17.260000228881836,17.260000228881836,2188200
2018-08-27,17.350000381469727,17.5,16.940000534057617,16.979999542236328,16.979999542236328,1227900
2018-08-28,16.979999542236328,17.209999084472656,16.8700008392334,16.93000030517578,16.93000030517578,780900
2018-08-29,17.030000686645508,17.3700008392334,16.915000915527344,17.3700008392334,17.3700008392334,822200
2018-08-30,17.350000381469727,17.579999923706055,17.260000228881836,17.34000015258789,17.34000015258789,1006600
2018-08-31,17.209999084472656,17.225000381469727,17.010000228881836,17.190000534057617,17.190000534057617,621100
2018-09-04,17.209999084472656,17.344999313354492,16.81999969482422,16.860000610351562,16.860000610351562,1181200
2018-09-05,16.780000686645508,16.850000381469727,16.3700008392334,16.540000915527344,16.540000915527344,1157000
2018-09-06,16.510000228881836,16.575000762939453,15.859999656677246,15.869999885559082,15.869999885559082,2016500
2018-09-07,15.760000228881836,15.920000076293945,15.359999656677246,15.800000190734863,15.800000190734863,1362400
2018-09-10,15.9399995803833,16.200000762939453,15.869999885559082,15.949999809265137,15.949999809265137,946000
2018-09-11,15.920000076293945,16.274999618530273,15.899999618530273,16.200000762939453,16.200000762939453,696000
2018-09-12,16.309999465942383,16.639999389648438,16.079999923706055,16.09000015258789,16.09000015258789,943900
2018-09-13,16.09000015258789,16.114999771118164,15.78499984741211,15.84000015258789,15.84000015258789,1731700
2018-09-14,15.899999618530273,16.299999237060547,15.899999618530273,16.18000030517578,16.18000030517578,955100
2018-09-17,16.170000076293945,16.389999389648438,16.0,16.229999542236328,16.229999542236328,769400
2018-09-18,16.3799991607666,16.690000534057617,16.3700008392334,16.56999969482422,16.56999969482422,810300
2018-09-19,16.549999237060547,16.8799991607666,16.549999237060547,16.690000534057617,16.690000534057617,767500
2018-09-20,16.809999465942383,16.940000534057617,16.670000076293945,16.81999969482422,16.81999969482422,738600
2018-09-21,16.829999923706055,17.125,16.760000228881836,16.809999465942383,16.809999465942383,1509400
2018-09-24,17.010000228881836,17.059999465942383,16.540000915527344,16.860000610351562,16.860000610351562,872700
2018-09-25,16.93000030517578,17.0,16.760000228881836,16.8700008392334,16.8700008392334,934700
2018-09-26,16.8700008392334,16.93000030517578,16.475000381469727,16.520000457763672,16.520000457763672,714300
2018-09-27,16.610000610351562,16.735000610351562,16.40999984741211,16.670000076293945,16.670000076293945,572600
2018-09-28,16.59000015258789,16.809999465942383,16.479999542236328,16.549999237060547,16.549999237060547,1172100
2018-10-01,16.6200008392334,16.729999542236328,16.360000610351562,16.510000228881836,16.510000228881836,1176200
2018-10-02,16.520000457763672,17.020000457763672,16.43000030517578,16.540000915527344,16.540000915527344,818200
2018-10-03,16.579999923706055,17.094999313354492,16.280000686645508,17.020000457763672,17.020000457763672,907800
2018-10-04,16.959999084472656,17.184999465942383,16.770000457763672,16.950000762939453,16.950000762939453,1071400
2018-10-05,16.93000030517578,16.948999404907227,16.5,16.75,16.75,742300
2018-10-08,16.649999618530273,16.68000030517578,16.280000686645508,16.6299991607666,16.6299991607666,587800
2018-10-09,16.6299991607666,16.979999542236328,16.510000228881836,16.889999389648438,16.889999389648438,867500
2018-10-10,16.809999465942383,16.899999618530273,16.1299991607666,16.149999618530273,16.149999618530273,1185600
2018-10-11,16.020000457763672,16.09000015258789,15.5600004196167,15.65999984741211,15.65999984741211,1027700
2018-10-12,15.989999771118164,15.989999771118164,15.399999618530273,15.829999923706055,15.829999923706055,818100
2018-10-15,15.829999923706055,16.149999618530273,15.739999771118164,16.040000915527344,16.040000915527344,676800
2018-10-16,16.059999465942383,16.469999313354492,15.729999542236328,16.40999984741211,16.40999984741211,739600
2018-10-17,16.31999969482422,16.329999923706055,15.829999923706055,15.890000343322754,15.890000343322754,1108700
2018-10-18,15.699999809265137,15.937000274658203,15.510000228881836,15.619999885559082,15.619999885559082,1001700
2018-10-19,15.569999694824219,15.569999694824219,14.904999732971191,14.989999771118164,14.989999771118164,1287700
2018-10-22,15.0,15.149999618530273,14.760000228881836,14.979999542236328,14.979999542236328,1335400
2018-10-23,14.619999885559082,14.619999885559082,14.149999618530273,14.260000228881836,14.260000228881836,1260900
2018-10-24,14.300000190734863,14.369999885559082,12.989999771118164,13.0,13.0,1583600
2018-10-25,13.220000267028809,13.220000267028809,12.8100004196167,12.890000343322754,12.890000343322754,1538100
2018-10-26,12.670000076293945,13.109999656677246,12.3100004196167,12.960000038146973,12.960000038146973,1596100
2018-10-29,13.09000015258789,13.229999542236328,12.289999961853027,12.520000457763672,12.520000457763672,1378300
2018-10-30,12.350000381469727,12.699999809265137,12.289999961853027,12.680000305175781,12.680000305175781,1382000
2018-10-31,12.920000076293945,13.029999732971191,12.760000228881836,12.84000015258789,12.84000015258789,1698800
2018-11-01,13.279999732971191,14.529999732971191,13.029999732971191,14.420000076293945,14.420000076293945,2225200
2018-11-02,14.510000228881836,15.300000190734863,14.510000228881836,14.9399995803833,14.9399995803833,2536700
2018-11-05,15.100000381469727,15.899999618530273,15.09000015258789,15.890000343322754,15.890000343322754,2234600
2018-11-06,15.779999732971191,16.06999969482422,15.779999732971191,15.9399995803833,15.9399995803833,1081400
2018-11-07,16.079999923706055,16.239999771118164,15.40999984741211,15.720000267028809,15.720000267028809,794100
2018-11-08,15.680000305175781,15.739999771118164,14.960000038146973,15.029999732971191,15.029999732971191,1288300
2018-11-09,14.729999542236328,14.770000457763672,13.90999984741211,14.149999618530273,14.149999618530273,2369000
2018-11-12,14.25,14.279999732971191,13.760000228881836,13.770000457763672,13.770000457763672,1045900
2018-11-13,13.819999694824219,14.050000190734863,13.550000190734863,13.579999923706055,13.579999923706055,977700
2018-11-14,13.829999923706055,14.1899995803833,13.510000228881836,13.829999923706055,13.829999923706055,1735800
2018-11-15,13.699999809265137,14.609999656677246,13.59000015258789,14.5600004196167,14.5600004196167,1152100
2018-11-16,14.4399995803833,14.699999809265137,14.270000457763672,14.569999694824219,14.569999694824219,811200
2018-11-19,14.460000038146973,14.65999984741211,14.229999542236328,14.550000190734863,14.550000190734863,1387200
2018-11-20,14.260000228881836,14.270000457763672,13.645000457763672,13.710000038146973,13.710000038146973,801600
2018-11-21,13.770000457763672,14.119999885559082,13.640000343322754,13.84000015258789,13.84000015258789,959800
2018-11-23,13.460000038146973,13.824999809265137,13.420000076293945,13.449999809265137,13.449999809265137,448000
2018-11-26,13.649999618530273,13.895000457763672,13.479999542236328,13.59000015258789,13.59000015258789,1558400
2018-11-27,13.5,13.65999984741211,13.239999771118164,13.460000038146973,13.460000038146973,578600
2018-11-28,13.470000267028809,13.920000076293945,13.140000343322754,13.920000076293945,13.920000076293945,1032700
2018-11-29,13.920000076293945,14.25,13.704999923706055,14.130000114440918,14.130000114440918,937700
2018-11-30,14.0,14.119999885559082,13.34000015258789,13.489999771118164,13.489999771118164,896500
2018-12-03,13.829999923706055,14.65999984741211,13.829999923706055,14.5,14.5,2128600
2018-12-04,14.40999984741211,14.630000114440918,14.279999732971191,14.390000343322754,14.390000343322754,2490700
2018-12-06,14.039999961853027,14.039999961853027,13.34000015258789,13.979999542236328,13.979999542236328,2800400
2018-12-07,14.25,14.600000381469727,13.460000038146973,13.479999542236328,13.479999542236328,988300
2018-12-10,13.3100004196167,13.390000343322754,12.630000114440918,12.739999771118164,12.739999771118164,1514500
2018-12-11,12.829999923706055,12.949999809265137,12.079999923706055,12.239999771118164,12.239999771118164,1240700
2018-12-12,12.510000228881836,12.90999984741211,12.359999656677246,12.680000305175781,12.680000305175781,841000
2018-12-13,12.739999771118164,12.739999771118164,12.029999732971191,12.199999809265137,12.199999809265137,691800
2018-12-14,12.020000457763672,12.260000228881836,11.829999923706055,11.869999885559082,11.869999885559082,548700
2018-12-17,11.869999885559082,12.229999542236328,11.59000015258789,11.859999656677246,11.859999656677246,1065500
2018-12-18,12.0,12.069999694824219,11.539999961853027,11.779999732971191,11.779999732971191,1214600
2018-12-19,11.468999862670898,11.649999618530273,10.779999732971191,10.880000114440918,10.880000114440918,2378100
2018-12-20,10.739999771118164,11.119999885559082,10.579999923706055,10.680000305175781,10.680000305175781,1554000
2018-12-21,10.630000114440918,11.039999961853027,10.479999542236328,10.829999923706055,10.829999923706055,3690800
2018-12-24,10.6899995803833,10.770000457763672,10.361000061035156,10.380000114440918,10.380000114440918,517800
2018-12-26,10.529999732971191,11.40999984741211,10.460000038146973,11.399999618530273,11.399999618530273,1321100
2018-12-27,11.079999923706055,11.550000190734863,11.079999923706055,11.479999542236328,11.479999542236328,1536300
2018-12-28,11.470000267028809,11.760000228881836,11.359999656677246,11.460000038146973,11.460000038146973,668000
2018-12-31,11.550000190734863,11.699999809265137,11.199999809265137,11.640000343322754,11.640000343322754,969000
2019-01-02,11.380000114440918,12.149999618530273,11.25,12.050000190734863,12.050000190734863,1368600
2019-01-03,12.010000228881836,12.180000305175781,11.670000076293945,11.819999694824219,11.819999694824219,1141400
2019-01-04,12.069999694824219,12.4399995803833,11.869999885559082,12.180000305175781,12.180000305175781,1308800
2019-01-07,12.25,12.859999656677246,12.109999656677246,12.739999771118164,12.739999771118164,1110800
2019-01-08,13.0,13.300000190734863,12.920000076293945,13.210000038146973,13.210000038146973,879200
2019-01-09,13.40999984741211,13.550000190734863,13.1899995803833,13.25,13.25,1526500
2019-01-10,13.109999656677246,13.399999618530273,12.960000038146973,13.270000457763672,13.270000457763672,616800
2019-01-11,13.09000015258789,13.489999771118164,13.010000228881836,13.350000381469727,13.350000381469727,605000
2019-01-14,13.199999809265137,13.640000343322754,13.050000190734863,13.40999984741211,13.40999984741211,549500
2019-01-15,13.510000228881836,13.619999885559082,13.15999984741211,13.319999694824219,13.319999694824219,597300
2019-01-16,13.359999656677246,13.619999885559082,13.220000267028809,13.399999618530273,13.399999618530273,542000
2019-01-17,13.15999984741211,13.640000343322754,13.125,13.550000190734863,13.550000190734863,696700
2019-01-18,13.59000015258789,13.899999618530273,13.399999618530273,13.729999542236328,13.729999542236328,782900
2019-01-22,13.520000457763672,13.520000457763672,13.135000228881836,13.260000228881836,13.260000228881836,946500
2019-01-23,13.350000381469727,13.489999771118164,12.84000015258789,12.890000343322754,12.890000343322754,448800
2019-01-24,12.890000343322754,13.199999809265137,12.770000457763672,13.140000343322754,13.140000343322754,569900
2019-01-25,13.289999961853027,13.600000381469727,13.234999656677246,13.520000457763672,13.520000457763672,375600
2019-01-28,13.260000228881836,13.489999771118164,13.119999885559082,13.479999542236328,13.479999542236328,680100
2019-01-29,13.600000381469727,13.600000381469727,13.4399995803833,13.479999542236328,13.479999542236328,346400
2019-01-30,13.619999885559082,13.869999885559082,13.270000457763672,13.760000228881836,13.760000228881836,487200
2019-01-31,13.789999961853027,13.8100004196167,13.375,13.529999732971191,13.529999732971191,888200
2019-02-01,13.5600004196167,13.9399995803833,13.420000076293945,13.729999542236328,13.729999542236328,543300
2019-02-04,13.600000381469727,13.890000343322754,13.579999923706055,13.819999694824219,13.819999694824219,579900
2019-02-05,13.789999961853027,13.960000038146973,13.720000267028809,13.880000114440918,13.880000114440918,509400
2019-02-06,13.770000457763672,13.989999771118164,13.680000305175781,13.850000381469727,13.850000381469727,337600
2019-02-07,13.760000228881836,13.760000228881836,13.029999732971191,13.329999923706055,13.329999923706055,1058200
2019-02-08,13.229999542236328,13.359999656677246,13.024999618530273,13.25,13.25,825700
2019-02-11,13.260000228881836,13.505000114440918,13.15999984741211,13.399999618530273,13.399999618530273,949800
2019-02-12,13.579999923706055,13.75,13.489999771118164,13.630000114440918,13.630000114440918,843300
2019-02-13,13.760000228881836,13.869999885559082,13.489999771118164,13.65999984741211,13.65999984741211,914700
2019-02-14,13.220000267028809,14.779999732971191,12.930000305175781,14.470000267028809,14.470000267028809,2566100
2019-02-15,14.609999656677246,15.100000381469727,14.34000015258789,15.100000381469727,15.100000381469727,1988200
2019-02-19,15.0,15.449999809265137,14.859999656677246,15.300000190734863,15.300000190734863,1014400
2019-02-20,15.399999618530273,15.925000190734863,15.279999732971191,15.859999656677246,15.859999656677246,847500
2019-02-21,15.710000038146973,15.829999923706055,15.399999618530273,15.529999732971191,15.529999732971191,677000
2019-02-22,15.649999618530273,15.75,15.4399995803833,15.470000267028809,15.470000267028809,516200
2019-02-25,15.449999809265137,15.550000190734863,15.15999984741211,15.4399995803833,15.4399995803833,746400
2019-02-26,15.420000076293945,15.539999961853027,14.979999542236328,14.979999542236328,14.979999542236328,686100
2019-02-27,15.020000457763672,15.260000228881836,14.869999885559082,15.149999618530273,15.149999618530273,671600
2019-02-28,15.079999923706055,15.079999923706055,14.3149995803833,14.430000305175781,14.430000305175781,926600
2019-03-01,14.569999694824219,14.90999984741211,14.520000457763672,14.880000114440918,14.880000114440918,566100
2019-03-04,14.920000076293945,15.0600004196167,14.619999885559082,14.640000343322754,14.640000343322754,417700
2019-03-05,14.760000228881836,14.760000228881836,14.380000114440918,14.390000343322754,14.390000343322754,504300
2019-03-06,14.34000015258789,14.34000015258789,13.829999923706055,13.869999885559082,13.869999885559082,660700
2019-03-07,13.899999618530273,13.899999618530273,13.579999923706055,13.6899995803833,13.6899995803833,732300
2019-03-08,13.479999542236328,13.710000038146973,13.239999771118164,13.710000038146973,13.710000038146973,784800
2019-03-11,13.779999732971191,14.050000190734863,13.65999984741211,13.989999771118164,13.989999771118164,945100
2019-03-12,14.069999694824219,14.199999809265137,13.880000114440918,14.100000381469727,14.100000381469727,986000
2019-03-13,14.210000038146973,14.430000305175781,14.119999885559082,14.270000457763672,14.270000457763672,761900
2019-03-14,14.25,14.369999885559082,14.050000190734863,14.0600004196167,14.0600004196167,499800
2019-03-15,13.8100004196167,14.039999961853027,13.609999656677246,13.649999618530273,13.649999618530273,1754200
2019-03-18,13.699999809265137,14.199999809265137,13.609999656677246,14.119999885559082,14.119999885559082,1295000
2019-03-19,14.279999732971191,14.65999984741211,14.1899995803833,14.359999656677246,14.359999656677246,1376600
2019-03-20,14.329999923706055,14.789999961853027,14.319999694824219,14.569999694824219,14.569999694824219,813500
2019-03-21,14.510000228881836,14.890000343322754,14.5,14.630000114440918,14.630000114440918,591500
2019-03-22,14.430000305175781,14.579999923706055,13.84000015258789,13.90999984741211,13.90999984741211,1036400
2019-03-25,13.850000381469727,14.017999649047852,13.630000114440918,13.880000114440918,13.880000114440918,414900
2019-03-26,14.09000015258789,14.300000190734863,13.835000038146973,13.970000267028809,13.970000267028809,469200
2019-03-27,13.960000038146973,14.15999984741211,13.699999809265137,14.0600004196167,14.0600004196167,429800
2019-03-28,14.0,14.399999618530273,14.0,14.369999885559082,14.369999885559082,493400
2019-03-29,14.5600004196167,14.739999771118164,13.770000457763672,13.960000038146973,13.960000038146973,666600
2019-04-01,14.119999885559082,14.739999771118164,14.119999885559082,14.59000015258789,14.59000015258789,575900
2019-04-02,14.619999885559082,14.829999923706055,14.390000343322754,14.630000114440918,14.630000114440918,521900
2019-04-03,14.75,14.960000038146973,14.34000015258789,14.40999984741211,14.40999984741211,1285000
2019-04-04,14.460000038146973,14.619999885559082,14.350000381469727,14.569999694824219,14.569999694824219,484100
2019-04-05,14.649999618530273,15.09000015258789,14.5600004196167,14.9399995803833,14.9399995803833,595400
2019-04-08,14.989999771118164,15.130000114440918,14.850000381469727,14.930000305175781,14.930000305175781,520000
2019-04-09,14.859999656677246,14.880000114440918,14.529999732971191,14.569999694824219,14.569999694824219,415900
2019-04-10,14.569999694824219,14.979999542236328,14.5600004196167,14.899999618530273,14.899999618530273,595300
2019-04-11,14.899999618530273,15.170000076293945,14.850000381469727,15.079999923706055,15.079999923706055,418800
2019-04-12,15.229999542236328,15.359999656677246,15.119999885559082,15.270000457763672,15.270000457763672,514900
2019-04-15,15.1899995803833,15.329999923706055,15.100000381469727,15.25,15.25,528200
2019-04-16,15.359999656677246,15.489999771118164,15.178999900817871,15.470000267028809,15.470000267028809,539300
2019-04-17,15.489999771118164,15.65999984741211,15.34000015258789,15.399999618530273,15.399999618530273,568300
2019-04-18,15.380000114440918,15.630000114440918,15.270000457763672,15.449999809265137,15.449999809265137,550800
2019-04-22,15.5,15.579999923706055,15.270000457763672,15.430000305175781,15.430000305175781,396500
2019-04-23,15.470000267028809,15.720000267028809,15.324999809265137,15.619999885559082,15.619999885559082,422900
2019-04-24,15.5600004196167,15.670000076293945,15.359999656677246,15.359999656677246,15.359999656677246,443100
2019-04-25,15.270000457763672,15.270000457763672,14.979999542236328,14.979999542236328,14.979999542236328,415600
2019-04-26,14.930000305175781,15.09000015258789,14.75,14.970000267028809,14.970000267028809,471300
2019-04-29,15.029999732971191,15.164999961853027,14.970000267028809,15.149999618530273,15.149999618530273,416400
2019-04-30,15.1899995803833,15.270000457763672,14.5600004196167,14.619999885559082,14.619999885559082,676200
2019-05-01,14.6899995803833,14.760000228881836,14.210000038146973,14.260000228881836,14.260000228881836,952100
2019-05-02,14.970000267028809,15.420000076293945,14.300000190734863,14.850000381469727,14.850000381469727,1085900
2019-05-03,15.140000343322754,15.550000190734863,14.6899995803833,15.529999732971191,15.529999732971191,888500
2019-05-06,15.25,15.369999885559082,14.960000038146973,15.079999923706055,15.079999923706055,564100
2019-05-07,14.859999656677246,15.029999732971191,14.390000343322754,14.600000381469727,14.600000381469727,577700
2019-05-08,14.569999694824219,14.729999542236328,14.204999923706055,14.260000228881836,14.260000228881836,543500
2019-05-09,14.09000015258789,14.180000305175781,13.779999732971191,14.050000190734863,14.050000190734863,684800
2019-05-10,13.9399995803833,14.28499984741211,13.760000228881836,14.239999771118164,14.239999771118164,546900
2019-05-13,14.020000457763672,14.029999732971191,13.399999618530273,13.5,13.5,653400
2019-05-14,13.600000381469727,14.0,13.5600004196167,13.930000305175781,13.930000305175781,384800
2019-05-15,13.710000038146973,13.90999984741211,13.529999732971191,13.880000114440918,13.880000114440918,615600
2019-05-16,13.989999771118164,14.270000457763672,13.9350004196167,13.979999542236328,13.979999542236328,363800
2019-05-17,13.819999694824219,14.0600004196167,13.630000114440918,13.770000457763672,13.770000457763672,476200
2019-05-20,13.649999618530273,14.050000190734863,13.649999618530273,13.9399995803833,13.9399995803833,519100
2019-05-21,14.079999923706055,14.390000343322754,14.079999923706055,14.369999885559082,14.369999885559082,512600
2019-05-22,14.239999771118164,14.319999694824219,14.0,14.069999694824219,14.069999694824219,388000
2019-05-23,13.760000228881836,13.829999923706055,13.164999961853027,13.369999885559082,13.369999885559082,446600
2019-05-24,13.550000190734863,13.63599967956543,13.390000343322754,13.510000228881836,13.510000228881836,382300
2019-05-28,13.550000190734863,13.90999984741211,13.479999542236328,13.800000190734863,13.800000190734863,580500
2019-05-29,13.569999694824219,13.850000381469727,13.489999771118164,13.739999771118164,13.739999771118164,620700
2019-05-30,13.729999542236328,13.989999771118164,13.489999771118164,13.520000457763672,13.520000457763672,990100
2019-05-31,13.229999542236328,13.369999885559082,13.0,13.029999732971191,13.029999732971191,688200
2019-06-03,13.130000114440918,13.579999923706055,13.0600004196167,13.449999809265137,13.449999809265137,820300
2019-06-04,13.59000015258789,13.90999984741211,13.5,13.729999542236328,13.729999542236328,980500
2019-06-05,13.739999771118164,13.930000305175781,13.239999771118164,13.630000114440918,13.630000114440918,518200
2019-06-06,13.630000114440918,13.850000381469727,13.335000038146973,13.65999984741211,13.65999984741211,431900
2019-06-07,13.710000038146973,13.829999923706055,13.579999923706055,13.65999984741211,13.65999984741211,504500
2019-06-10,13.6899995803833,13.930000305175781,13.649999618530273,13.800000190734863,13.800000190734863,437300
2019-06-11,13.960000038146973,14.09000015258789,13.670000076293945,13.760000228881836,13.760000228881836,505300
2019-06-12,13.630000114440918,13.720000267028809,13.390000343322754,13.510000228881836,13.510000228881836,435800
2019-06-13,13.6899995803833,13.920000076293945,13.6899995803833,13.869999885559082,13.869999885559082,530600
2019-06-14,13.779999732971191,13.779999732971191,13.100000381469727,13.130000114440918,13.130000114440918,474500
2019-06-17,13.100000381469727,13.40999984741211,12.970000267028809,13.25,13.25,449100
2019-06-18,13.399999618530273,13.829999923706055,13.347999572753906,13.670000076293945,13.670000076293945,556700
2019-06-19,13.65999984741211,13.8100004196167,13.529999732971191,13.600000381469727,13.600000381469727,577500
2019-06-20,13.899999618530273,14.109999656677246,13.819999694824219,13.960000038146973,13.960000038146973,435700
2019-06-21,13.9399995803833,14.149999618530273,13.829999923706055,14.010000228881836,14.010000228881836,1062900
2019-06-24,14.039999961853027,14.1899995803833,13.819999694824219,13.829999923706055,13.829999923706055,447400
2019-06-25,13.84000015258789,14.220000267028809,13.795000076293945,13.979999542236328,13.979999542236328,938200
2019-06-26,14.149999618530273,14.5,14.100000381469727,14.479999542236328,14.479999542236328,603400
2019-06-27,14.5,14.649999618530273,14.180000305175781,14.350000381469727,14.350000381469727,716900
2019-06-28,14.40999984741211,14.800000190734863,14.399999618530273,14.760000228881836,14.760000228881836,1217100
2019-07-01,15.020000457763672,15.329999923706055,14.739999771118164,14.880000114440918,14.880000114440918,785700
2019-07-02,14.829999923706055,14.880000114440918,14.666999816894531,14.770000457763672,14.770000457763672,841100
2019-07-03,14.800000190734863,14.84000015258789,14.630000114440918,14.640000343322754,14.640000343322754,345800
2019-07-05,14.569999694824219,14.739999771118164,14.489999771118164,14.680000305175781,14.680000305175781,432400
2019-07-08,14.569999694824219,14.720000267028809,14.380000114440918,14.470000267028809,14.470000267028809,885100
2019-07-09,14.279999732971191,14.279999732971191,13.420000076293945,13.670000076293945,13.670000076293945,935800
2019-07-10,13.739999771118164,13.883999824523926,13.5600004196167,13.779999732971191,13.779999732971191,839600
2019-07-11,13.75,13.8100004196167,13.385000228881836,13.40999984741211,13.40999984741211,781000
2019-07-12,13.399999618530273,13.649999618530273,13.385000228881836,13.489999771118164,13.489999771118164,688300
2019-07-15,13.470000267028809,13.569999694824219,12.899999618530273,12.960000038146973,12.960000038146973,679500
2019-07-16,12.920000076293945,12.949000358581543,12.569999694824219,12.640000343322754,12.640000343322754,861300
2019-07-17,12.5,12.680000305175781,12.289999961853027,12.329999923706055,12.329999923706055,911100
2019-07-18,12.300000190734863,12.380000114440918,11.78499984741211,11.979999542236328,11.979999542236328,723400
2019-07-19,11.979999542236328,12.180000305175781,11.90999984741211,12.039999961853027,12.039999961853027,668100
2019-07-22,12.039999961853027,12.329999923706055,11.9350004196167,11.979999542236328,11.979999542236328,643400
2019-07-23,12.050000190734863,12.649999618530273,11.9399995803833,12.609999656677246,12.609999656677246,841500
2019-07-24,12.520000457763672,12.979999542236328,12.390000343322754,12.9399995803833,12.9399995803833,614100
2019-07-25,12.989999771118164,12.989999771118164,12.479999542236328,12.59000015258789,12.59000015258789,796800
2019-07-26,12.600000381469727,12.739999771118164,12.460000038146973,12.539999961853027,12.539999961853027,701400
2019-07-29,12.539999961853027,12.5600004196167,12.005000114440918,12.130000114440918,12.130000114440918,865200
2019-07-30,12.039999961853027,12.270000457763672,11.930000305175781,12.199999809265137,12.199999809265137,1996800
2019-07-31,12.25,12.520000457763672,12.140000343322754,12.25,12.25,1242200
2019-08-01,12.069999694824219,12.220000267028809,11.1899995803833,11.430000305175781,11.430000305175781,1571600
2019-08-02,11.739999771118164,12.789999961853027,11.220000267028809,12.229999542236328,12.229999542236328,2203800
2019-08-05,11.819999694824219,11.9399995803833,11.4399995803833,11.859999656677246,11.859999656677246,1699200
2019-08-06,11.899999618530273,12.079999923706055,11.710000038146973,12.069999694824219,12.069999694824219,1175000
2019-08-07,11.760000228881836,12.199999809265137,11.670000076293945,12.100000381469727,12.100000381469727,988500
2019-08-08,12.239999771118164,12.359999656677246,12.0600004196167,12.350000381469727,12.350000381469727,976500
2019-08-09,12.319999694824219,12.319999694824219,11.850000381469727,11.869999885559082,11.869999885559082,597500
2019-08-12,11.819999694824219,12.25,11.760000228881836,12.170000076293945,12.170000076293945,1151700
2019-08-13,12.15999984741211,12.649999618530273,12.100000381469727,12.34000015258789,12.34000015258789,1198500
2019-08-14,12.0600004196167,12.0600004196167,11.821000099182129,11.979999542236328,11.979999542236328,973900
2019-08-15,11.949999809265137,11.960000038146973,11.75,11.819999694824219,11.819999694824219,879900
2019-08-16,11.890000343322754,12.050000190734863,11.829999923706055,11.930000305175781,11.930000305175781,772100
2019-08-19,12.0,12.119999885559082,11.930000305175781,11.970000267028809,11.970000267028809,709800
2019-08-20,11.9399995803833,12.029999732971191,11.6899995803833,11.770000457763672,11.770000457763672,534900
2019-08-21,11.949999809265137,12.029999732971191,11.800000190734863,11.960000038146973,11.960000038146973,634500
2019-08-22,12.0,12.0600004196167,11.824999809265137,11.920000076293945,11.920000076293945,665600
2019-08-23,11.779999732971191,11.8149995803833,11.289999961853027,11.5,11.5,974500
2019-08-26,11.65999984741211,11.760000228881836,11.390000343322754,11.479999542236328,11.479999542236328,626300
2019-08-27,11.600000381469727,11.6899995803833,11.180000305175781,11.199999809265137,11.199999809265137,572900
2019-08-28,11.229999542236328,11.619999885559082,11.154999732971191,11.539999961853027,11.539999961853027,654200
2019-08-29,11.649999618530273,12.010000228881836,11.649999618530273,11.970000267028809,11.970000267028809,557000
2019-08-30,12.0,12.0,11.729999542236328,11.890000343322754,11.890000343322754,611600
2019-09-03,11.649999618530273,11.729999542236328,11.399999618530273,11.59000015258789,11.59000015258789,858600
2019-09-04,11.779999732971191,11.850000381469727,11.550000190734863,11.699999809265137,11.699999809265137,1339100
2019-09-05,11.84000015258789,12.050000190734863,11.800000190734863,11.979999542236328,11.979999542236328,1028500
2019-09-06,11.979999542236328,11.979999542236328,11.359999656677246,11.510000228881836,11.510000228881836,1075100
2019-09-09,11.640000343322754,12.029999732971191,11.630000114440918,12.020000457763672,12.020000457763672,1193100
2019-09-10,12.100000381469727,12.430000305175781,11.960000038146973,12.3100004196167,12.3100004196167,1355500
2019-09-11,12.34000015258789,12.505000114440918,12.149999618530273,12.449999809265137,12.449999809265137,1974900
2019-09-12,12.270000457763672,12.470000267028809,11.989999771118164,12.319999694824219,12.319999694824219,673100
2019-09-13,12.470000267028809,12.550000190734863,12.210000038146973,12.270000457763672,12.270000457763672,576900
2019-09-16,12.829999923706055,12.90999984741211,12.229999542236328,12.75,12.75,957900
2019-09-17,12.680000305175781,12.680000305175781,12.25,12.390000343322754,12.390000343322754,586400
2019-09-18,12.289999961853027,12.470000267028809,12.180000305175781,12.319999694824219,12.319999694824219,580200
2019-09-19,12.359999656677246,12.489999771118164,12.069999694824219,12.100000381469727,12.100000381469727,705700
2019-09-20,12.119999885559082,12.3100004196167,12.0,12.050000190734863,12.050000190734863,1482900
2019-09-23,11.949999809265137,12.229999542236328,11.949999809265137,12.15999984741211,12.15999984741211,523600
2019-09-24,12.100000381469727,12.100000381469727,11.520000457763672,11.640000343322754,11.640000343322754,711000
2019-09-25,11.569999694824219,12.020000457763672,11.510000228881836,11.979999542236328,11.979999542236328,568300
2019-09-26,11.880000114440918,11.960000038146973,11.569999694824219,11.569999694824219,11.569999694824219,438800
2019-09-27,11.489999771118164,11.75,11.34000015258789,11.359999656677246,11.359999656677246,1082500
2019-09-30,11.34000015258789,11.574999809265137,11.3100004196167,11.470000267028809,11.470000267028809,890300
2019-10-01,11.539999961853027,11.680000305175781,10.5600004196167,10.579999923706055,10.579999923706055,711600
2019-10-02,10.470000267028809,10.829999923706055,10.359999656677246,10.739999771118164,10.739999771118164,987500
2019-10-03,10.699999809265137,10.875,10.489999771118164,10.640000343322754,10.640000343322754,999000
2019-10-04,10.579999923706055,10.6899995803833,10.319999694824219,10.65999984741211,10.65999984741211,774100
2019-10-07,10.6899995803833,10.720000267028809,10.4399995803833,10.470000267028809,10.470000267028809,1136700
2019-10-08,10.329999923706055,10.347000122070312,10.010000228881836,10.050000190734863,10.050000190734863,727500
2019-10-09,10.239999771118164,10.270000457763672,10.0,10.100000381469727,10.100000381469727,537400
2019-10-10,10.199999809265137,10.359999656677246,10.140000343322754,10.260000228881836,10.260000228881836,718100
2019-10-11,10.529999732971191,10.829999923706055,10.529999732971191,10.619999885559082,10.619999885559082,846000
2019-10-14,10.460000038146973,10.460000038146973,10.0600004196167,10.3100004196167,10.3100004196167,567500
2019-10-15,10.289999961853027,10.640000343322754,10.21500015258789,10.489999771118164,10.489999771118164,680100
2019-10-16,10.420000076293945,10.642999649047852,10.350000381469727,10.380000114440918,10.380000114440918,669200
2019-10-17,10.449999809265137,10.510000228881836,10.28499984741211,10.369999885559082,10.369999885559082,604800
2019-10-18,10.359999656677246,10.539999961853027,10.25,10.350000381469727,10.350000381469727,571000
2019-10-21,10.40999984741211,10.720000267028809,10.40999984741211,10.520000457763672,10.520000457763672,466900
2019-10-22,10.520000457763672,10.789999961853027,10.329999923706055,10.630000114440918,10.630000114440918,539900
2019-10-23,10.609999656677246,10.6899995803833,10.489999771118164,10.569999694824219,10.569999694824219,520800
2019-10-24,10.640000343322754,10.640000343322754,10.352999687194824,10.5,10.5,381900
2019-10-25,10.510000228881836,10.779999732971191,10.505000114440918,10.739999771118164,10.739999771118164,460000
2019-10-28,10.6899995803833,10.989999771118164,10.6899995803833,10.90999984741211,10.90999984741211,676700
2019-10-29,10.819999694824219,11.050000190734863,10.6899995803833,11.0,11.0,737800
2019-10-30,11.010000228881836,11.045000076293945,10.529999732971191,10.600000381469727,10.600000381469727,839900
2019-10-31,10.510000228881836,10.739999771118164,10.387999534606934,10.539999961853027,10.539999961853027,989400
2019-11-01,10.680000305175781,11.484999656677246,10.680000305175781,11.399999618530273,11.399999618530273,1445700
2019-11-04,11.430000305175781,11.550000190734863,11.020000457763672,11.460000038146973,11.460000038146973,1611500
2019-11-05,11.539999961853027,11.579999923706055,10.960000038146973,11.100000381469727,11.100000381469727,1424200
2019-11-06,11.130000114440918,12.59000015258789,10.979999542236328,12.239999771118164,12.239999771118164,2951800
2019-11-07,12.510000228881836,12.710000038146973,12.180000305175781,12.460000038146973,12.460000038146973,1336800
2019-11-08,12.430000305175781,12.744999885559082,12.28499984741211,12.470000267028809,12.470000267028809,1059300
2019-11-11,12.300000190734863,12.59000015258789,12.09000015258789,12.489999771118164,12.489999771118164,1132200
2019-11-12,12.510000228881836,12.539999961853027,12.229999542236328,12.300000190734863,12.300000190734863,777000
2019-11-13,12.1899995803833,12.40999984741211,11.949999809265137,12.069999694824219,12.069999694824219,1009900
2019-11-14,12.0600004196167,12.180000305175781,11.9399995803833,11.970000267028809,11.970000267028809,681500
2019-11-15,12.0600004196167,12.170000076293945,11.970000267028809,11.989999771118164,11.989999771118164,742100
2019-11-18,11.899999618530273,11.960000038146973,11.489999771118164,11.539999961853027,11.539999961853027,647000
2019-11-19,11.59000015258789,11.600000381469727,11.319999694824219,11.430000305175781,11.430000305175781,747200
2019-11-20,11.420000076293945,11.645000457763672,11.34000015258789,11.489999771118164,11.489999771118164,1083700
2019-11-21,11.520000457763672,11.600000381469727,11.355999946594238,11.479999542236328,11.479999542236328,1055800
2019-11-22,11.5600004196167,11.59000015258789,11.350000381469727,11.460000038146973,11.460000038146973,884800
2019-11-25,11.470000267028809,11.850000381469727,11.392999649047852,11.670000076293945,11.670000076293945,1525000
2019-11-26,11.65999984741211,11.680000305175781,11.3100004196167,11.34000015258789,11.34000015258789,1000700
2019-11-27,11.34000015258789,11.34000015258789,11.145000457763672,11.220000267028809,11.220000267028809,952400
2019-11-29,11.140000343322754,11.399999618530273,11.097999572753906,11.210000038146973,11.210000038146973,724900
2019-12-02,11.270000457763672,11.40999984741211,11.100000381469727,11.109999656677246,11.109999656677246,939900
2019-12-03,10.989999771118164,10.989999771118164,10.645000457763672,10.6899995803833,10.6899995803833,731900
2019-12-04,10.829999923706055,11.15999984741211,10.829999923706055,10.960000038146973,10.960000038146973,836300
2019-12-05,11.0600004196167,11.21500015258789,10.979999542236328,11.079999923706055,11.079999923706055,491100
2019-12-06,11.180000305175781,11.5,11.180000305175781,11.420000076293945,11.420000076293945,1179000
2019-12-09,11.359999656677246,11.59000015258789,11.100000381469727,11.130000114440918,11.130000114440918,1266400
2019-12-10,11.09000015258789,11.229999542236328,10.989999771118164,11.029999732971191,11.029999732971191,1211100
2019-12-11,11.050000190734863,11.289999961853027,11.050000190734863,11.220000267028809,11.220000267028809,683100
2019-12-12,11.229999542236328,11.59000015258789,11.229000091552734,11.449999809265137,11.449999809265137,2395200
2019-12-13,11.289999961853027,11.40999984741211,11.0,11.229999542236328,11.229999542236328,1161400
2019-12-16,11.369999885559082,11.640000343322754,11.34000015258789,11.489999771118164,11.489999771118164,2088300
2019-12-17,11.5,11.529999732971191,11.335000038146973,11.470000267028809,11.470000267028809,793300
2019-12-18,11.470000267028809,11.539999961853027,11.364999771118164,11.5,11.5,1506100
2019-12-19,11.539999961853027,11.670000076293945,11.390000343322754,11.449999809265137,11.449999809265137,996700
2019-12-20,11.479999542236328,11.5600004196167,11.390000343322754,11.449999809265137,11.449999809265137,2782000
2019-12-23,11.5,11.569999694824219,11.359999656677246,11.489999771118164,11.489999771118164,779300
2019-12-24,11.5600004196167,11.710000038146973,11.449999809265137,11.609999656677246,11.609999656677246,270200
2019-12-26,11.680000305175781,11.819999694824219,11.395000457763672,11.449999809265137,11.449999809265137,526700
2019-12-27,11.539999961853027,11.579999923706055,11.270000457763672,11.279999732971191,11.279999732971191,462400
2019-12-30,11.300000190734863,11.58899974822998,11.260000228881836,11.380000114440918,11.380000114440918,944600
2019-12-31,11.34000015258789,11.479999542236328,11.239999771118164,11.239999771118164,11.239999771118164,641100
2020-01-02,11.369999885559082,11.430000305175781,10.979999542236328,11.09000015258789,11.09000015258789,694700
2020-01-03,11.140000343322754,11.1899995803833,10.819999694824219,11.119999885559082,11.119999885559082,948700
2020-01-06,11.229999542236328,11.585000038146973,11.1899995803833,11.529999732971191,11.529999732971191,777700
2020-01-07,11.479999542236328,11.760000228881836,11.420000076293945,11.630000114440918,11.630000114440918,629000
2020-01-08,11.550000190734863,11.760000228881836,11.46500015258789,11.479999542236328,11.479999542236328,727900
2020-01-09,11.489999771118164,11.489999771118164,11.289999961853027,11.289999961853027,11.289999961853027,819600
2020-01-10,11.300000190734863,11.34000015258789,11.119999885559082,11.170000076293945,11.170000076293945,1276600
2020-01-13,11.170000076293945,11.470000267028809,11.069999694824219,11.390000343322754,11.390000343322754,1248300
2020-01-14,11.359999656677246,11.539999961853027,11.25,11.5,11.5,731100
2020-01-15,11.390000343322754,11.680000305175781,11.350000381469727,11.569999694824219,11.569999694824219,948300
2020-01-16,11.65999984741211,11.89900016784668,11.625,11.819999694824219,11.819999694824219,1312600
2020-01-17,11.859999656677246,11.90999984741211,11.550000190734863,11.579999923706055,11.579999923706055,1121500
2020-01-21,11.470000267028809,11.484999656677246,10.920000076293945,10.960000038146973,10.960000038146973,856400
2020-01-22,10.970000267028809,10.970000267028809,10.52400016784668,10.5600004196167,10.5600004196167,755900
2020-01-23,10.4399995803833,10.699999809265137,10.25,10.5600004196167,10.5600004196167,852100
2020-01-24,10.539999961853027,10.569999694824219,10.255000114440918,10.369999885559082,10.369999885559082,740600
2020-01-27,10.140000343322754,10.380000114440918,10.079999923706055,10.130000114440918,10.130000114440918,719900
2020-01-28,10.180000305175781,10.289999961853027,10.069999694824219,10.25,10.25,493800
2020-01-29,10.279999732971191,10.369999885559082,10.154999732971191,10.170000076293945,10.170000076293945,443900
2020-01-30,10.020000457763672,10.289999961853027,9.90999984741211,10.260000228881836,10.260000228881836,1396400
2020-01-31,10.119999885559082,10.140000343322754,9.819999694824219,10.010000228881836,10.010000228881836,972700
2020-02-03,10.079999923706055,10.15999984741211,9.930000305175781,10.0600004196167,10.0600004196167,1051900
2020-02-04,10.220000267028809,10.390000343322754,10.010000228881836,10.010000228881836,10.010000228881836,968400
2020-02-05,10.170000076293945,10.585000038146973,10.15999984741211,10.579999923706055,10.579999923706055,840100
2020-02-06,10.619999885559082,10.630000114440918,10.420000076293945,10.460000038146973,10.460000038146973,668400
2020-02-07,10.34000015258789,10.470000267028809,10.204999923706055,10.25,10.25,778800
2020-02-10,10.09000015258789,10.100000381469727,9.4399995803833,9.649999618530273,9.649999618530273,909300
2020-02-11,9.8100004196167,10.239999771118164,9.8100004196167,10.109999656677246,10.109999656677246,678900
2020-02-12,10.300000190734863,10.470000267028809,10.109999656677246,10.3100004196167,10.3100004196167,944500
2020-02-13,10.239999771118164,10.270000457763672,10.09000015258789,10.140000343322754,10.140000343322754,1186900
2020-02-14,10.149999618530273,10.1899995803833,9.829999923706055,9.890000343322754,9.890000343322754,742600
2020-02-18,9.760000228881836,10.050000190734863,9.739999771118164,9.789999961853027,9.789999961853027,849300
2020-02-19,9.020000457763672,9.75,8.579999923706055,9.6899995803833,9.6899995803833,2036800
2020-02-20,9.640000343322754,10.069999694824219,9.529999732971191,9.869999885559082,9.869999885559082,887500
2020-02-21,9.760000228881836,9.770000457763672,9.5,9.529999732971191,9.529999732971191,1108300
2020-02-24,9.109999656677246,9.119999885559082,8.90999984741211,9.020000457763672,9.020000457763672,930100
2020-02-25,9.079999923706055,9.170000076293945,8.789999961853027,8.800000190734863,8.800000190734863,1414300
2020-02-26,8.859999656677246,9.109999656677246,8.760000228881836,8.829999923706055,8.829999923706055,1089600
2020-02-27,8.479999542236328,9.09000015258789,8.390000343322754,8.90999984741211,8.90999984741211,1287200
2020-02-28,8.619999885559082,8.845000267028809,8.520000457763672,8.829999923706055,8.829999923706055,1734800
2020-03-02,8.930000305175781,8.949999809265137,8.479999542236328,8.899999618530273,8.899999618530273,1253000
2020-03-03,8.890000343322754,9.020000457763672,8.520000457763672,8.59000015258789,8.59000015258789,746100
2020-03-04,8.760000228881836,9.239999771118164,8.680000305175781,9.220000267028809,9.220000267028809,1161400
2020-03-05,8.949999809265137,9.039999961853027,8.520000457763672,8.640000343322754,8.640000343322754,1085900
2020-03-06,8.350000381469727,8.569999694824219,7.880000114440918,8.09000015258789,8.09000015258789,958600
2020-03-09,6.849999904632568,7.789999961853027,6.840000152587891,7.150000095367432,7.150000095367432,1070500
2020-03-10,7.539999961853027,7.760000228881836,6.650000095367432,7.150000095367432,7.150000095367432,1339400
2020-03-11,6.900000095367432,7.150000095367432,6.610000133514404,6.75,6.75,1380000
2020-03-12,6.360000133514404,6.710000038146973,6.070000171661377,6.269999980926514,6.269999980926514,1333300
2020-03-13,6.679999828338623,6.739999771118164,5.75,6.610000133514404,6.610000133514404,1629400
2020-03-16,5.340000152587891,6.510000228881836,5.340000152587891,5.730000019073486,5.730000019073486,1563300
2020-03-17,5.730000019073486,5.755000114440918,5.070000171661377,5.630000114440918,5.630000114440918,1996700
2020-03-18,5.409999847412109,5.579999923706055,4.179999828338623,4.429999828338623,4.429999828338623,2169700
2020-03-19,4.409999847412109,5.650000095367432,4.050000190734863,5.610000133514404,5.610000133514404,1363700
2020-03-20,5.559999942779541,6.144999980926514,5.340000152587891,5.78000020980835,5.78000020980835,2703700
2020-03-23,5.300000190734863,6.070000171661377,5.269999980926514,5.590000152587891,5.590000152587891,1483000
2020-03-24,5.920000076293945,6.150000095367432,5.570000171661377,5.710000038146973,5.710000038146973,1522300
2020-03-25,5.690000057220459,6.110000133514404,5.369999885559082,5.730000019073486,5.730000019073486,2692600
2020-03-26,5.730000019073486,5.96999979019165,5.510000228881836,5.889999866485596,5.889999866485596,3000400
2020-03-27,5.650000095367432,5.730000019073486,5.300000190734863,5.53000020980835,5.53000020980835,2567300
2020-03-30,5.480000019073486,5.519999980926514,4.892000198364258,4.96999979019165,4.96999979019165,1988100
2020-03-31,4.940000057220459,5.159999847412109,4.880000114440918,5.159999847412109,5.159999847412109,2001100
2020-04-01,4.960000038146973,5.019999980926514,4.610000133514404,4.989999771118164,4.989999771118164,1132200
2020-04-02,4.940000057220459,5.46999979019165,4.84499979019165,4.960000038146973,4.960000038146973,982500
2020-04-03,4.929999828338623,5.039999961853027,4.675000190734863,4.760000228881836,4.760000228881836,1810100
2020-04-06,5.0,5.46999979019165,4.960000038146973,5.239999771118164,5.239999771118164,1673100
2020-04-07,5.369999885559082,5.764999866485596,5.369999885559082,5.53000020980835,5.53000020980835,1667100
2020-04-08,5.610000133514404,5.739999771118164,5.46999979019165,5.650000095367432,5.650000095367432,2113100
2020-04-09,5.75,5.929999828338623,5.449999809265137,5.690000057220459,5.690000057220459,2491600
2020-04-13,5.75,5.809999942779541,5.414999961853027,5.590000152587891,5.590000152587891,1692900
2020-04-14,5.920000076293945,6.0,5.590000152587891,5.599999904632568,5.599999904632568,1962900
2020-04-15,5.420000076293945,5.449999809265137,5.130000114440918,5.150000095367432,5.150000095367432,1701900
2020-04-16,5.130000114440918,5.565000057220459,5.005000114440918,5.400000095367432,5.400000095367432,2549400
2020-04-17,5.539999961853027,5.860000133514404,5.539999961853027,5.75,5.75,1302000
2020-04-20,5.53000020980835,5.710000038146973,5.429999828338623,5.559999942779541,5.559999942779541,1196100
2020-04-21,5.369999885559082,5.656000137329102,5.320000171661377,5.440000057220459,5.440000057220459,1003400
2020-04-22,5.610000133514404,5.670000076293945,5.269999980926514,5.269999980926514,5.269999980926514,690800
2020-04-23,5.320000171661377,5.869999885559082,5.289999961853027,5.800000190734863,5.800000190734863,1511000
2020-04-24,5.809999942779541,5.949999809265137,5.46999979019165,5.650000095367432,5.650000095367432,719700
2020-04-27,5.900000095367432,5.989999771118164,5.710000038146973,5.880000114440918,5.880000114440918,1274300
2020-04-28,6.0,6.139999866485596,5.809999942779541,5.920000076293945,5.920000076293945,908100
2020-04-29,6.190000057220459,6.610000133514404,6.170000076293945,6.539999961853027,6.539999961853027,1328600
2020-04-30,6.400000095367432,6.505000114440918,5.929999828338623,6.170000076293945,6.170000076293945,1176200
2020-05-01,5.989999771118164,6.039999961853027,5.710000038146973,5.940000057220459,5.940000057220459,1002000
2020-05-04,5.900000095367432,6.110000133514404,5.659999847412109,6.099999904632568,6.099999904632568,1179400
2020-05-05,6.25,6.429999828338623,6.099999904632568,6.139999866485596,6.139999866485596,894400
2020-05-06,6.119999885559082,6.39900016784668,5.739999771118164,5.960000038146973,5.960000038146973,1564700
2020-05-07,6.0,6.190000057220459,5.864999771118164,5.940000057220459,5.940000057220459,1251400
2020-05-08,6.03000020980835,6.275000095367432,5.980000019073486,6.090000152587891,6.090000152587891,1446300
2020-05-11,6.050000190734863,6.565000057220459,5.894999980926514,6.460000038146973,6.460000038146973,1910000
2020-05-12,6.5,6.545000076293945,6.210000038146973,6.309999942779541,6.309999942779541,1528800
2020-05-13,6.269999980926514,6.284999847412109,5.795000076293945,5.849999904632568,5.849999904632568,1370900
2020-05-14,5.730000019073486,6.099999904632568,5.489999771118164,6.03000020980835,6.03000020980835,1173000
2020-05-15,6.039999961853027,6.15500020980835,5.920000076293945,6.059999942779541,6.059999942779541,1408800
2020-05-18,6.360000133514404,6.880000114440918,6.360000133514404,6.849999904632568,6.849999904632568,1581900
2020-05-19,6.809999942779541,7.0,6.510000228881836,6.619999885559082,6.619999885559082,961900
2020-05-20,6.730000019073486,7.130000114440918,6.730000019073486,7.03000020980835,7.03000020980835,708800
2020-05-21,7.079999923706055,7.170000076293945,6.989999771118164,7.059999942779541,7.059999942779541,872800
2020-05-22,7.03000020980835,7.099999904632568,6.789999961853027,6.880000114440918,6.880000114440918,594300
2020-05-26,7.21999979019165,7.5,7.130000114440918,7.329999923706055,7.329999923706055,699400
2020-05-27,7.5,7.945000171661377,7.414999961853027,7.909999847412109,7.909999847412109,1233700
2020-05-28,8.020000457763672,8.119999885559082,7.519999980926514,7.53000020980835,7.53000020980835,791900
2020-05-29,7.420000076293945,7.559999942779541,7.190000057220459,7.449999809265137,7.449999809265137,874800
2020-06-01,7.460000038146973,7.630000114440918,7.304999828338623,7.440000057220459,7.440000057220459,875300
2020-06-02,7.559999942779541,7.809999942779541,7.559999942779541,7.769999980926514,7.769999980926514,1004400
2020-06-03,7.940000057220459,8.039999961853027,7.570000171661377,7.630000114440918,7.630000114440918,1353200
2020-06-04,7.590000152587891,7.989999771118164,7.559999942779541,7.940000057220459,7.940000057220459,1916000
2020-06-05,8.350000381469727,9.135000228881836,8.350000381469727,8.899999618530273,8.899999618530273,1279400
2020-06-08,9.25,9.289999961853027,8.710000038146973,8.829999923706055,8.829999923706055,1305100
2020-06-09,8.699999809265137,8.970000267028809,8.59000015258789,8.760000228881836,8.760000228881836,929100
2020-06-10,8.680000305175781,8.739999771118164,8.34000015258789,8.380000114440918,8.380000114440918,1119500
2020-06-11,7.760000228881836,8.114999771118164,7.659999847412109,7.739999771118164,7.739999771118164,1458300
2020-06-12,8.170000076293945,8.4399995803833,7.809999942779541,8.40999984741211,8.40999984741211,1914400
2020-06-15,7.96999979019165,8.609999656677246,7.949999809265137,8.25,8.25,3585200
2020-06-16,8.6899995803833,9.270000457763672,8.609999656677246,9.050000190734863,9.050000190734863,2031900
2020-06-17,8.979999542236328,9.0,8.680000305175781,8.739999771118164,8.739999771118164,1895300
2020-06-18,8.619999885559082,9.170000076293945,8.600000381469727,8.850000381469727,8.850000381469727,1823000
2020-06-19,9.0,9.130000114440918,8.649999618530273,8.850000381469727,8.850000381469727,19595800
2020-06-22,8.800000190734863,8.84000015258789,8.484999656677246,8.520000457763672,8.520000457763672,1371200
2020-06-23,8.710000038146973,8.78499984741211,8.520000457763672,8.680000305175781,8.680000305175781,1550000
2020-06-24,8.529999732971191,8.529999732971191,7.980000019073486,8.109999656677246,8.109999656677246,1356600
2020-06-25,7.96999979019165,8.350000381469727,7.909999847412109,8.34000015258789,8.34000015258789,1088100
2020-06-26,8.220000267028809,8.27400016784668,7.989999771118164,8.149999618530273,8.149999618530273,2006400
2020-06-29,8.270000457763672,8.65999984741211,8.1899995803833,8.569999694824219,8.569999694824219,1092600
2020-06-30,8.460000038146973,8.670000076293945,8.319999694824219,8.630000114440918,8.630000114440918,1642300
2020-07-01,8.640000343322754,8.789999961853027,8.420000076293945,8.430000305175781,8.430000305175781,1362800
2020-07-02,8.6899995803833,8.875,8.539999961853027,8.680000305175781,8.680000305175781,758200
2020-07-06,8.880000114440918,8.989999771118164,8.75,8.960000038146973,8.960000038146973,675000
2020-07-07,8.789999961853027,8.8100004196167,8.550000190734863,8.569999694824219,8.569999694824219,818800
2020-07-08,8.529999732971191,8.585000038146973,8.289999961853027,8.4399995803833,8.4399995803833,773200
2020-07-09,8.399999618530273,8.510000228881836,8.020000457763672,8.0600004196167,8.0600004196167,899600
2020-07-10,8.140000343322754,8.460000038146973,8.039999961853027,8.449999809265137,8.449999809265137,708400
2020-07-13,8.5,8.600000381469727,8.09000015258789,8.119999885559082,8.119999885559082,1112500
2020-07-14,8.0600004196167,8.319999694824219,7.960000038146973,8.319999694824219,8.319999694824219,998000
2020-07-15,8.600000381469727,8.875,8.529999732971191,8.779999732971191,8.779999732971191,948700
2020-07-16,8.710000038146973,8.850000381469727,8.505000114440918,8.729999542236328,8.729999542236328,1834700
2020-07-17,8.739999771118164,8.84000015258789,8.460000038146973,8.470000267028809,8.470000267028809,837300
2020-07-20,8.399999618530273,8.430000305175781,8.170000076293945,8.260000228881836,8.260000228881836,1093800
2020-07-21,8.380000114440918,8.765000343322754,8.380000114440918,8.729999542236328,8.729999542236328,870100
2020-07-22,8.649999618530273,8.805000305175781,8.62399959564209,8.720000267028809,8.720000267028809,565000
2020-07-23,8.640000343322754,8.904999732971191,8.630000114440918,8.819999694824219,8.819999694824219,707400
2020-07-24,8.770000457763672,8.994999885559082,8.725000381469727,8.739999771118164,8.739999771118164,577100
2020-07-27,8.739999771118164,8.770000457763672,8.569999694824219,8.739999771118164,8.739999771118164,458600
2020-07-28,8.640000343322754,8.710000038146973,8.319999694824219,8.319999694824219,8.319999694824219,580300
2020-07-29,8.420000076293945,8.65999984741211,8.359999656677246,8.640000343322754,8.640000343322754,562700
2020-07-30,8.4399995803833,8.489999771118164,8.199999809265137,8.350000381469727,8.350000381469727,530900
2020-07-31,8.210000038146973,8.279999732971191,7.829999923706055,7.880000114440918,7.880000114440918,1035600
2020-08-03,7.96999979019165,8.199999809265137,7.769999980926514,8.140000343322754,8.140000343322754,858500
2020-08-04,8.15999984741211,8.680000305175781,8.15999984741211,8.529999732971191,8.529999732971191,876000
2020-08-05,8.800000190734863,9.149999618530273,8.75,9.0,9.0,982200
2020-08-06,9.039999961853027,9.210000038146973,8.760000228881836,8.859999656677246,8.859999656677246,726400
2020-08-07,8.880000114440918,8.890000343322754,8.574999809265137,8.770000457763672,8.770000457763672,637800
2020-08-10,8.8100004196167,9.210000038146973,8.8100004196167,9.170000076293945,9.170000076293945,645500
2020-08-11,9.289999961853027,9.550000190734863,9.25,9.279999732971191,9.279999732971191,1362800
2020-08-12,9.479999542236328,9.600000381469727,9.225000381469727,9.359999656677246,9.359999656677246,733700
2020-08-13,9.270000457763672,9.350000381469727,9.0600004196167,9.09000015258789,9.09000015258789,470000
2020-08-14,8.979999542236328,9.079999923706055,8.84000015258789,9.010000228881836,9.010000228881836,709900
2020-08-17,8.920000076293945,8.989999771118164,8.8100004196167,8.859999656677246,8.859999656677246,408000
2020-08-18,8.829999923706055,8.890000343322754,8.604999542236328,8.649999618530273,8.649999618530273,427100
2020-08-19,8.699999809265137,8.720000267028809,8.399999618530273,8.430000305175781,8.430000305175781,539400
2020-08-20,8.3100004196167,8.449999809265137,8.25,8.329999923706055,8.329999923706055,416600
2020-08-21,8.25,8.289999961853027,7.670000076293945,7.75,7.75,1029700
2020-08-24,7.840000152587891,8.0,7.699999809265137,7.929999828338623,7.929999828338623,1858500
2020-08-25,8.0,8.010000228881836,7.739999771118164,7.800000190734863,7.800000190734863,877200
2020-08-26,7.730000019073486,7.78000020980835,7.434999942779541,7.53000020980835,7.53000020980835,802500
2020-08-27,7.559999942779541,7.670000076293945,7.449999809265137,7.550000190734863,7.550000190734863,908500
2020-08-28,7.599999904632568,7.639999866485596,7.460000038146973,7.510000228881836,7.510000228881836,1129200
2020-08-31,7.5,7.545000076293945,7.269999980926514,7.269999980926514,7.269999980926514,946700
2020-09-01,7.25,7.340000152587891,7.144999980926514,7.25,7.25,1305100
2020-09-02,7.239999771118164,7.40500020980835,7.184999942779541,7.25,7.25,1841800
2020-09-03,7.28000020980835,7.400000095367432,7.050000190734863,7.090000152587891,7.090000152587891,1641300
2020-09-04,7.230000019073486,7.269999980926514,6.989999771118164,7.130000114440918,7.130000114440918,1338800
2020-09-08,7.010000228881836,7.070000171661377,6.585000038146973,6.639999866485596,6.639999866485596,1360400
2020-09-09,6.690000057220459,6.690000057220459,6.239999771118164,6.289999961853027,6.289999961853027,1013400
2020-09-10,6.300000190734863,6.300000190734863,5.849999904632568,5.849999904632568,5.849999904632568,1555900
2020-09-11,5.849999904632568,6.0,5.769999980926514,5.909999847412109,5.909999847412109,1245500
2020-09-14,5.929999828338623,5.960000038146973,5.78000020980835,5.869999885559082,5.869999885559082,909100
2020-09-15,5.869999885559082,5.922999858856201,5.480000019073486,5.519999980926514,5.519999980926514,2639500
2020-09-16,5.570000171661377,6.025000095367432,5.425000190734863,5.829999923706055,5.829999923706055,1601800
2020-09-17,5.690000057220459,5.889999866485596,5.59499979019165,5.78000020980835,5.78000020980835,935200
2020-09-18,5.739999771118164,5.985000133514404,5.599999904632568,5.619999885559082,5.619999885559082,2946400
2020-09-21,5.46999979019165,5.510000228881836,5.199999809265137,5.21999979019165,5.21999979019165,1420000
2020-09-22,5.230000019073486,5.355000019073486,5.159999847412109,5.260000228881836,5.260000228881836,2131000
2020-09-23,5.300000190734863,5.46999979019165,5.099999904632568,5.110000133514404,5.110000133514404,5296900
2020-09-24,5.059999942779541,5.210000038146973,4.934999942779541,4.989999771118164,4.989999771118164,1326000
2020-09-25,4.920000076293945,5.0,4.735000133514404,4.809999942779541,4.809999942779541,1570700
2020-09-28,4.920000076293945,5.28000020980835,4.920000076293945,5.03000020980835,5.03000020980835,1697300
2020-09-29,5.010000228881836,5.019999980926514,4.730000019073486,4.869999885559082,4.869999885559082,1255100
2020-09-30,4.880000114440918,4.90500020980835,4.510000228881836,4.539999961853027,4.539999961853027,2377300
2020-10-01,4.480000019073486,4.599999904632568,4.385000228881836,4.429999828338623,4.429999828338623,1914000
2020-10-02,4.309999942779541,5.03000020980835,4.269999980926514,4.880000114440918,4.880000114440918,2797000
2020-10-05,4.929999828338623,5.190000057220459,4.90500020980835,5.039999961853027,5.039999961853027,1983000
2020-10-06,5.139999866485596,5.289999961853027,4.989999771118164,5.059999942779541,5.059999942779541,1752300
2020-10-07,5.070000171661377,5.139999866485596,4.885000228881836,5.079999923706055,5.079999923706055,1361700
2020-10-08,5.210000038146973,5.369999885559082,5.15500020980835,5.300000190734863,5.300000190734863,1200500
2020-10-09,5.349999904632568,5.420000076293945,5.199999809265137,5.320000171661377,5.320000171661377,1413300
2020-10-12,5.289999961853027,5.360000133514404,5.050000190734863,5.309999942779541,5.309999942779541,1468000
2020-10-13,5.199999809265137,5.21999979019165,4.949999809265137,4.949999809265137,4.949999809265137,1391300
2020-10-14,4.940000057220459,5.179999828338623,4.940000057220459,5.0,5.0,867200
2020-10-15,4.909999847412109,5.085000038146973,4.829999923706055,5.050000190734863,5.050000190734863,714500
2020-10-16,5.010000228881836,5.420000076293945,4.885000228881836,5.409999847412109,5.409999847412109,3808800
2020-10-19,5.420000076293945,5.438000202178955,5.150000095367432,5.159999847412109,5.159999847412109,1365700
2020-10-20,5.21999979019165,5.320000171661377,5.172999858856201,5.210000038146973,5.210000038146973,936100
2020-10-21,5.179999828338623,5.210000038146973,4.989999771118164,5.0,5.0,775100
2020-10-22,4.989999771118164,5.170000076293945,4.989999771118164,5.130000114440918,5.130000114440918,1532200
2020-10-23,5.199999809265137,5.25,5.059999942779541,5.110000133514404,5.110000133514404,1744200
2020-10-26,5.010000228881836,5.039999961853027,4.670000076293945,4.699999809265137,4.699999809265137,1181400
2020-10-27,4.639999866485596,4.670000076293945,4.400000095367432,4.440000057220459,4.440000057220459,1163200
2020-10-28,4.320000171661377,4.40500020980835,4.130000114440918,4.139999866485596,4.139999866485596,1779100
2020-10-29,4.099999904632568,4.289999961853027,4.059999942779541,4.210000038146973,4.210000038146973,1233900
2020-10-30,4.190000057220459,4.243000030517578,4.03000020980835,4.070000171661377,4.070000171661377,1779200
2020-11-02,4.150000095367432,4.710000038146973,4.150000095367432,4.599999904632568,4.599999904632568,1676200
2020-11-03,4.739999771118164,4.795000076293945,4.389999866485596,4.550000190734863,4.550000190734863,1862100
2020-11-04,4.824999809265137,4.900000095367432,4.360000133514404,4.639999866485596,4.639999866485596,1531600
2020-11-05,4.679999828338623,4.940000057220459,4.679999828338623,4.760000228881836,4.760000228881836,1317900
2020-11-06,4.730000019073486,4.760000228881836,4.550000190734863,4.610000133514404,4.610000133514404,1481200
2020-11-09,5.150000095367432,5.599999904632568,5.150000095367432,5.429999828338623,5.429999828338623,1474500
2020-11-10,5.5,5.579999923706055,5.385000228881836,5.559999942779541,5.559999942779541,992100
2020-11-11,5.659999847412109,5.710000038146973,5.214000225067139,5.329999923706055,5.329999923706055,699200
2020-11-12,5.199999809265137,5.400000095367432,5.150000095367432,5.260000228881836,5.260000228881836,695300
2020-11-13,5.349999904632568,5.440000057220459,5.230000019073486,5.349999904632568,5.349999904632568,1505600
2020-11-16,5.639999866485596,5.739999771118164,5.5,5.690000057220459,5.690000057220459,1040200
2020-11-17,5.590000152587891,5.690000057220459,5.46999979019165,5.690000057220459,5.690000057220459,1211400
2020-11-18,5.829999923706055,5.900000095367432,5.679999828338623,5.699999809265137,5.699999809265137,1047300
2020-11-19,5.659999847412109,5.670000076293945,5.360000133514404,5.590000152587891,5.590000152587891,579200
2020-11-20,5.519999980926514,5.659999847412109,5.46999979019165,5.610000133514404,5.610000133514404,922200
2020-11-23,5.739999771118164,6.105000019073486,5.735000133514404,6.039999961853027,6.039999961853027,1034100
2020-11-24,6.28000020980835,6.465000152587891,6.160999774932861,6.360000133514404,6.360000133514404,1225800
2020-11-25,6.300000190734863,6.300000190734863,6.014999866485596,6.130000114440918,6.130000114440918,838500
2020-11-27,6.050000190734863,6.110000133514404,5.840000152587891,6.059999942779541,6.059999942779541,407700
2020-11-30,5.96999979019165,5.96999979019165,5.579999923706055,5.579999923706055,5.579999923706055,1053000
2020-12-01,5.710000038146973,5.769999980926514,5.489999771118164,5.53000020980835,5.53000020980835,952700
2020-12-02,5.480000019073486,5.860000133514404,5.440000057220459,5.829999923706055,5.829999923706055,886000
2020-12-03,5.860000133514404,5.860000133514404,5.5929999351501465,5.670000076293945,5.670000076293945,826500
2020-12-04,5.760000228881836,6.224999904632568,5.760000228881836,6.159999847412109,6.159999847412109,1274300
2020-12-07,6.039999961853027,6.110000133514404,5.864999771118164,6.0,6.0,987800
2020-12-08,5.920000076293945,6.28000020980835,5.889999866485596,6.25,6.25,1725000
2020-12-09,6.309999942779541,6.400000095367432,6.039999961853027,6.190000057220459,6.190000057220459,1145800
2020-12-10,6.150000095367432,6.510000228881836,6.099999904632568,6.46999979019165,6.46999979019165,1415600
2020-12-11,6.380000114440918,6.420000076293945,6.159999847412109,6.300000190734863,6.300000190734863,1700700
2020-12-14,6.429999828338623,6.710000038146973,6.340000152587891,6.449999809265137,6.449999809265137,1132400
2020-12-15,6.519999980926514,6.75,6.429999828338623,6.670000076293945,6.670000076293945,950400
2020-12-16,6.71999979019165,6.769999980926514,6.550000190734863,6.690000057220459,6.690000057220459,1167700
2020-12-17,6.760000228881836,6.815000057220459,6.539999961853027,6.739999771118164,6.739999771118164,1348300
2020-12-18,6.789999961853027,6.809999942779541,6.570000171661377,6.730000019073486,6.730000019073486,2802200
2020-12-21,6.349999904632568,6.929999828338623,6.309999942779541,6.889999866485596,6.889999866485596,1898200
2020-12-22,6.889999866485596,6.920000076293945,6.659999847412109,6.75,6.75,1404600
2020-12-23,6.880000114440918,6.980000019073486,6.735000133514404,6.900000095367432,6.900000095367432,797200
2020-12-24,6.900000095367432,6.949999809265137,6.644999980926514,6.849999904632568,6.849999904632568,1516300
2020-12-28,6.900000095367432,7.190000057220459,6.860000133514404,7.119999885559082,7.119999885559082,965500
2020-12-29,7.179999828338623,7.320000171661377,6.840000152587891,6.96999979019165,6.96999979019165,1454200
2020-12-30,6.940000057220459,7.159999847412109,6.900000095367432,7.119999885559082,7.119999885559082,642700
2020-12-31,7.050000190734863,7.260000228881836,6.980000019073486,7.179999828338623,7.179999828338623,1011000
2021-01-04,7.21999979019165,7.46999979019165,7.068999767303467,7.190000057220459,7.190000057220459,1595400
2021-01-05,7.21999979019165,7.760000228881836,7.21999979019165,7.639999866485596,7.639999866485596,1176500
2021-01-06,7.880000114440918,8.399999618530273,7.820000171661377,8.210000038146973,8.210000038146973,2177800
2021-01-07,8.279999732971191,8.350000381469727,7.869999885559082,7.880000114440918,7.880000114440918,1115300
2021-01-08,7.949999809265137,8.119999885559082,7.75,8.119999885559082,8.119999885559082,1041700
2021-01-11,7.840000152587891,8.619999885559082,7.840000152587891,8.4399995803833,8.4399995803833,2061600
2021-01-12,8.479999542236328,9.479999542236328,8.3100004196167,9.170000076293945,9.170000076293945,2984300
2021-01-13,9.180000305175781,9.289999961853027,8.65999984741211,8.850000381469727,8.850000381469727,1384500
2021-01-14,8.9399995803833,9.3100004196167,8.899999618530273,9.229999542236328,9.229999542236328,967900
2021-01-15,9.029999732971191,9.130000114440918,8.70199966430664,8.880000114440918,8.880000114440918,905200
2021-01-19,9.09000015258789,9.130000114440918,8.78499984741211,9.010000228881836,9.010000228881836,1139400
2021-01-20,9.109999656677246,9.109999656677246,8.25,8.279999732971191,8.279999732971191,1319100
2021-01-21,8.239999771118164,8.375,8.140000343322754,8.140000343322754,8.140000343322754,949300
2021-01-22,7.949999809265137,8.1899995803833,7.829999923706055,8.15999984741211,8.15999984741211,769800
2021-01-25,8.010000228881836,8.109999656677246,7.724999904632568,8.109999656677246,8.109999656677246,892500
2021-01-26,8.229999542236328,8.430000305175781,7.760000228881836,8.100000381469727,8.100000381469727,2332700
2021-01-27,7.840000152587891,8.220000267028809,7.789999961853027,7.960000038146973,7.960000038146973,1135800
2021-01-28,7.96999979019165,8.199999809265137,7.860000133514404,8.079999923706055,8.079999923706055,1665200
2021-01-29,8.09000015258789,8.649999618530273,8.010000228881836,8.289999961853027,8.289999961853027,2005100
2021-02-01,8.354999542236328,8.5,7.994999885559082,8.319999694824219,8.319999694824219,1034500
2021-02-02,8.579999923706055,8.9399995803833,8.364999771118164,8.75,8.75,1094200
2021-02-03,8.739999771118164,9.260000228881836,8.680000305175781,9.100000381469727,9.100000381469727,865300
2021-02-04,9.119999885559082,9.670000076293945,9.119999885559082,9.579999923706055,9.579999923706055,1302300
2021-02-05,9.760000228881836,9.989999771118164,9.380000114440918,9.670000076293945,9.670000076293945,911400
2021-02-08,9.800000190734863,10.050000190734863,9.6899995803833,9.960000038146973,9.960000038146973,811900
2021-02-09,9.899999618530273,10.095000267028809,9.760000228881836,9.90999984741211,9.90999984741211,687300
2021-02-10,9.979999542236328,10.170000076293945,9.75,9.989999771118164,9.989999771118164,984600
2021-02-11,9.970000267028809,10.180000305175781,9.670000076293945,10.15999984741211,10.15999984741211,1021800
2021-02-12,10.020000457763672,10.510000228881836,10.0,10.329999923706055,10.329999923706055,747400
2021-02-16,10.489999771118164,10.920000076293945,10.420000076293945,10.789999961853027,10.789999961853027,1116100
2021-02-17,10.729999542236328,11.1899995803833,10.15999984741211,10.40999984741211,10.40999984741211,1484800
2021-02-18,10.40999984741211,10.680000305175781,10.005000114440918,10.079999923706055,10.079999923706055,1132100
2021-02-19,9.520000457763672,9.725000381469727,9.164999961853027,9.369999885559082,9.369999885559082,1303400
2021-02-22,9.420000076293945,10.5,9.399999618530273,10.489999771118164,10.489999771118164,1647600
2021-02-23,10.510000228881836,10.5600004196167,9.970000267028809,10.260000228881836,10.260000228881836,1067700
2021-02-24,10.319999694824219,11.170000076293945,10.270000457763672,11.020000457763672,11.020000457763672,1155400
2021-02-25,11.140000343322754,11.399999618530273,10.829999923706055,10.960000038146973,10.960000038146973,861500
2021-02-26,10.890000343322754,10.902000427246094,10.279999732971191,10.630000114440918,10.630000114440918,720300
2021-03-01,11.15999984741211,11.269000053405762,10.84000015258789,11.069999694824219,11.069999694824219,791200
2021-03-02,11.029999732971191,11.050000190734863,10.720000267028809,10.720000267028809,10.720000267028809,448000
2021-03-03,10.869999885559082,11.170000076293945,10.800000190734863,10.970000267028809,10.970000267028809,631300
2021-03-04,11.010000228881836,11.024999618530273,10.539999961853027,10.819999694824219,10.819999694824219,862500
2021-03-05,11.149999618530273,11.380000114440918,10.680000305175781,11.319999694824219,11.319999694824219,1172500
2021-03-08,11.46500015258789,11.600000381469727,11.119999885559082,11.59000015258789,11.59000015258789,876100
2021-03-09,11.680000305175781,11.748000144958496,11.15999984741211,11.25,11.25,819900
2021-03-10,11.239999771118164,11.699999809265137,11.149999618530273,11.680000305175781,11.680000305175781,688900
2021-03-11,11.84000015258789,11.960000038146973,11.524999618530273,11.59000015258789,11.59000015258789,702700
2021-03-12,11.550000190734863,11.819999694824219,11.420000076293945,11.770000457763672,11.770000457763672,596100
2021-03-15,11.90999984741211,11.979999542236328,11.289999961853027,11.40999984741211,11.40999984741211,552600
2021-03-16,11.390000343322754,11.390000343322754,10.890000343322754,11.050000190734863,11.050000190734863,564500
2021-03-17,11.079999923706055,11.180000305175781,10.78499984741211,11.15999984741211,11.15999984741211,443200
2021-03-18,11.100000381469727,11.239999771118164,10.680000305175781,10.789999961853027,10.789999961853027,573900
2021-03-19,10.739999771118164,10.869999885559082,10.100000381469727,10.65999984741211,10.65999984741211,1617700
2021-03-22,10.760000228881836,10.760000228881836,10.385000228881836,10.569999694824219,10.569999694824219,511000
2021-03-23,10.25,10.369999885559082,9.904999732971191,9.979999542236328,9.979999542236328,610400
2021-03-24,10.220000267028809,10.470000267028809,9.819999694824219,9.819999694824219,9.819999694824219,587200
2021-03-25,9.630000114440918,10.079999923706055,9.420000076293945,10.0,10.0,520600
2021-03-26,10.319999694824219,10.40999984741211,10.079999923706055,10.390000343322754,10.390000343322754,645700
2021-03-29,10.239999771118164,10.600000381469727,10.015000343322754,10.050000190734863,10.050000190734863,638100
2021-03-30,9.949999809265137,10.309000015258789,9.880000114440918,10.15999984741211,10.15999984741211,348200
2021-03-31,10.0600004196167,10.329999923706055,9.885000228881836,10.09000015258789,10.09000015258789,1042800
2021-04-01,10.130000114440918,10.479999542236328,10.050000190734863,10.470000267028809,10.470000267028809,454100
2021-04-05,10.5,10.640000343322754,10.220000267028809,10.300000190734863,10.300000190734863,604400
2021-04-06,10.319999694824219,10.59000015258789,10.130000114440918,10.170000076293945,10.170000076293945,382200
2021-04-07,10.140000343322754,10.164999961853027,9.789999961853027,9.84000015258789,9.84000015258789,392200
2021-04-08,9.729999542236328,9.789999961853027,9.529999732971191,9.699999809265137,9.699999809265137,379100
2021-04-09,9.680000305175781,9.710000038146973,9.510000228881836,9.630000114440918,9.630000114440918,433800
2021-04-12,9.630000114440918,9.720000267028809,9.531000137329102,9.6899995803833,9.6899995803833,320700
2021-04-13,9.630000114440918,9.630000114440918,9.260000228881836,9.430000305175781,9.430000305175781,435300
2021-04-14,9.470000267028809,10.0600004196167,9.34000015258789,9.829999923706055,9.829999923706055,625400
2021-04-15,9.850000381469727,9.850000381469727,9.529999732971191,9.680000305175781,9.680000305175781,404000
2021-04-16,9.8100004196167,9.899999618530273,9.550000190734863,9.760000228881836,9.760000228881836,382000
2021-04-19,9.819999694824219,9.819999694824219,9.428999900817871,9.569999694824219,9.569999694824219,457200
2021-04-20,9.630000114440918,9.630000114440918,9.079999923706055,9.270000457763672,9.270000457763672,572000
2021-04-21,9.25,9.529999732971191,9.09000015258789,9.510000228881836,9.510000228881836,499900
2021-04-22,9.59000015258789,9.640000343322754,9.319999694824219,9.489999771118164,9.489999771118164,638600
2021-04-23,9.479999542236328,9.670000076293945,9.34000015258789,9.539999961853027,9.539999961853027,417700
2021-04-26,9.59000015258789,9.84000015258789,9.5600004196167,9.710000038146973,9.710000038146973,373700
2021-04-27,9.710000038146973,9.744999885559082,9.430000305175781,9.59000015258789,9.59000015258789,404700
2021-04-28,9.720000267028809,9.970000267028809,9.553000450134277,9.9399995803833,9.9399995803833,477000
2021-04-29,10.109999656677246,10.28600025177002,9.9399995803833,10.180000305175781,10.180000305175781,421400
2021-04-30,9.979999542236328,10.229999542236328,9.699999809265137,9.819999694824219,9.819999694824219,797000
2021-05-03,10.039999961853027,10.25,9.899999618530273,10.229999542236328,10.229999542236328,872300
2021-05-04,10.180000305175781,10.270000457763672,10.0,10.180000305175781,10.180000305175781,488800
2021-05-05,10.380000114440918,11.09000015258789,10.300000190734863,10.90999984741211,10.90999984741211,786400
2021-05-06,11.09000015258789,11.329999923706055,10.920000076293945,11.319999694824219,11.319999694824219,796800
2021-05-07,11.199999809265137,11.545000076293945,11.079999923706055,11.529999732971191,11.529999732971191,844200
2021-05-10,11.720000267028809,11.869999885559082,11.34000015258789,11.34000015258789,11.34000015258789,1033300
2021-05-11,11.029999732971191,11.425000190734863,10.789999961853027,10.84000015258789,10.84000015258789,938400
2021-05-12,10.890000343322754,11.300000190734863,10.779999732971191,10.9399995803833,10.9399995803833,943000
2021-05-13,10.880000114440918,11.1899995803833,10.675000190734863,10.890000343322754,10.890000343322754,639600
2021-05-14,11.0600004196167,11.319999694824219,10.96500015258789,11.300000190734863,11.300000190734863,731100
2021-05-17,11.199999809265137,11.550000190734863,11.119999885559082,11.539999961853027,11.539999961853027,661000
2021-05-18,11.539999961853027,11.585000038146973,11.130000114440918,11.149999618530273,11.149999618530273,678400
2021-05-19,10.819999694824219,11.050000190734863,10.680000305175781,10.960000038146973,10.960000038146973,619800
2021-05-20,10.949999809265137,10.949999809265137,10.420000076293945,10.579999923706055,10.579999923706055,598200
2021-05-21,10.729999542236328,10.789999961853027,10.579999923706055,10.640000343322754,10.640000343322754,505500
2021-05-24,10.649999618530273,10.649999618530273,10.345000267028809,10.539999961853027,10.539999961853027,453900
2021-05-25,10.5,10.579999923706055,10.0600004196167,10.079999923706055,10.079999923706055,786900
2021-05-26,10.0600004196167,10.180000305175781,10.010000228881836,10.119999885559082,10.119999885559082,493200
2021-05-27,10.239999771118164,10.420000076293945,10.100000381469727,10.380000114440918,10.380000114440918,589100
2021-05-28,10.399999618530273,10.5,10.270000457763672,10.470000267028809,10.470000267028809,430500
2021-06-01,10.550000190734863,10.989999771118164,10.5,10.859999656677246,10.859999656677246,689300
2021-06-02,10.979999542236328,11.239999771118164,10.770000457763672,11.0600004196167,11.0600004196167,526200
2021-06-03,11.0600004196167,11.170000076293945,10.859999656677246,11.09000015258789,11.09000015258789,401100
2021-06-04,11.199999809265137,11.239999771118164,10.920000076293945,11.109999656677246,11.109999656677246,543400
2021-06-07,11.100000381469727,11.164999961853027,10.649999618530273,10.6899995803833,10.6899995803833,440500
2021-06-08,10.720000267028809,11.229999542236328,10.569999694824219,11.100000381469727,11.100000381469727,568300
2021-06-09,11.0600004196167,11.119999885559082,10.770000457763672,10.819999694824219,10.819999694824219,378700
2021-06-10,10.9399995803833,11.029999732971191,10.630000114440918,10.699999809265137,10.699999809265137,431300
2021-06-11,10.720000267028809,10.949999809265137,10.720000267028809,10.8100004196167,10.8100004196167,361800
2021-06-14,10.800000190734863,10.951000213623047,10.600000381469727,10.65999984741211,10.65999984741211,419600
2021-06-15,10.670000076293945,10.90999984741211,10.630000114440918,10.869999885559082,10.869999885559082,391200
2021-06-16,10.789999961853027,11.045000076293945,10.65999984741211,10.890000343322754,10.890000343322754,327100
2021-06-17,10.949999809265137,11.050000190734863,10.100000381469727,10.1899995803833,10.1899995803833,419600
2021-06-18,9.90999984741211,10.020000457763672,9.579999923706055,9.739999771118164,9.739999771118164,892000
2021-06-21,9.8100004196167,10.25,9.760000228881836,10.199999809265137,10.199999809265137,455100
2021-06-22,10.149999618530273,10.149999618530273,9.850000381469727,10.100000381469727,10.100000381469727,371000
2021-06-23,10.170000076293945,10.350000381469727,10.095000267028809,10.149999618530273,10.149999618530273,373200
2021-06-24,10.15999984741211,10.319999694824219,9.954999923706055,10.25,10.25,883100
2021-06-25,10.359999656677246,10.430000305175781,9.479999542236328,9.59000015258789,9.59000015258789,4131700
2021-06-28,9.600000381469727,9.704999923706055,9.3100004196167,9.5,9.5,1297900
2021-06-29,9.569999694824219,9.59000015258789,9.369999885559082,9.40999984741211,9.40999984741211,689300
2021-06-30,9.380000114440918,9.680000305175781,9.364999771118164,9.489999771118164,9.489999771118164,366000
2021-07-01,9.699999809265137,9.798999786376953,9.555000305175781,9.720000267028809,9.720000267028809,499400
2021-07-02,9.670000076293945,9.697999954223633,9.404999732971191,9.460000038146973,9.460000038146973,361400
2021-07-06,9.380000114440918,9.390000343322754,8.979999542236328,9.100000381469727,9.100000381469727,669500
2021-07-07,9.0,9.239999771118164,8.944999694824219,9.140000343322754,9.140000343322754,763800
2021-07-08,8.994999885559082,9.170000076293945,8.8100004196167,8.979999542236328,8.979999542236328,717300
2021-07-09,9.109999656677246,9.5,9.100000381469727,9.399999618530273,9.399999618530273,489700
2021-07-12,9.210000038146973,9.489999771118164,9.15999984741211,9.40999984741211,9.40999984741211,410500
2021-07-13,9.329999923706055,9.460000038146973,9.229999542236328,9.25,9.25,420600
2021-07-14,9.3100004196167,9.59000015258789,8.989999771118164,9.100000381469727,9.100000381469727,698600
2021-07-15,9.0,9.149999618530273,8.890000343322754,8.9399995803833,8.9399995803833,460400
2021-07-16,9.699999809265137,10.069999694824219,9.199999809265137,9.25,9.25,2589100
2021-07-19,8.920000076293945,9.170000076293945,8.680000305175781,8.760000228881836,8.760000228881836,1001300
2021-07-20,8.710000038146973,9.180000305175781,8.6899995803833,9.029999732971191,9.029999732971191,793600
2021-07-21,9.270000457763672,9.5,9.25,9.430000305175781,9.430000305175781,575500
2021-07-22,9.380000114440918,9.460000038146973,9.140000343322754,9.329999923706055,9.329999923706055,672100
2021-07-23,9.390000343322754,9.479999542236328,9.309000015258789,9.460000038146973,9.460000038146973,419500
2021-07-26,9.520000457763672,9.779999732971191,9.5,9.699999809265137,9.699999809265137,466200
2021-07-27,9.550000190734863,9.739999771118164,9.5,9.65999984741211,9.65999984741211,405300
2021-07-28,9.640000343322754,9.890000343322754,9.510000228881836,9.84000015258789,9.84000015258789,572900
2021-07-29,9.989999771118164,10.041000366210938,9.789999961853027,9.970000267028809,9.970000267028809,447900
2021-07-30,9.890000343322754,9.960000038146973,9.739999771118164,9.869999885559082,9.869999885559082,589600
2021-08-03,9.550000190734863,9.680000305175781,9.220000267028809,9.609999656677246,9.609999656677246,865500
2021-08-04,9.0,9.359999656677246,7.949999809265137,8.069999694824219,8.069999694824219,192370000
2021-08-05,7.989999771118164,8.010000228881836,7.460000038146973,7.900000095367432,7.900000095367432,166850000
2021-08-06,8.050000190734863,8.199999809265137,7.809999942779541,7.869999885559082,7.869999885559082,110090000
